Workbook

Sheet Sheet1
B2: Participant | C2: Sex | D2: Age | E2: Height | F2: Mass | G2: RunningDaysAWeek | H2: KmAWeek | I2: Injuries12Months | J2: Time10K | K2: LT | L2: VO2max | M2: RQ | N2: HRmax | O2: RPEmax | P2: MaxCompletedSpeed | Q2: MaxStartedSpeed | R2: Temperature | S2: Humidity | T2: Pressure | U2: EE10 | V2: EE11 | W2: EE12 | X2: EE13 | Y2: EE14 | Z2: EE15 | AA2: EE16 | AB2: EE17 | AC2: EE18 | AD2: EE19 | AE2: EE20 | AF2: VO10 | AG2: VO11 | AH2: VO12 | AI2: VO13 | AJ2: VO14 | AK2: VO15 | AL2: VO16 | AM2: VO17 | AN2: VO18 | AO2: VO19 | AP2: VO20 | AQ2: HR10 | AR2: HR11 | AS2: HR12 | AT2: HR13 | AU2: HR14 | AV2: HR15 | AW2: HR16 | AX2: HR17 | AY2: HR18 | AZ2: HR19 | BA2: HR20 | BB2: PelvWidth | BC2: ThiLgth_r | BD2: ThiLgth_l | BE2: ShaLgth_r | BF2: ShaLgth_l | BG2: LegLgth_r | BH2: LegLgth_l | BI2: FootLgth_r | BJ2: FootLgth_l | BK2: TrunkLgth | BL2: Sess2_time | BM2: Sess2_RPE | BN2: Sess2_La | BO2: EEJW10 | BP2: EEJW11 | BQ2: EEJW12 | BR2: EEJW13 | BS2: EEJW14 | BT2: EEJW15 | BU2: EEJW16 | BV2: EEJW17 | BW2: EEJW18 | BX2: EEJW19 | BY2: EEJW20 | BZ2: RPE10 | CA2: RPE11 | CB2: RPE12 | CC2: RPE13 | CD2: RPE14 | CE2: RPE15 | CF2: RPE16 | CG2: RPE17 | CH2: RPE18 | CI2: RPE19 | CJ2: RPE20 | CK2: RPE21 | CL2: RPE22 | CM2: RPE23 | CN2: RPE24 | CO2: RPE25
B3: P001 | C3: Male | D3: 41 | E3: 1.84 | F3: 83.9 | G3: 5 | H3: 48 | I3: No | J3: 0.032222222 | K3: 12.53948 | L3: 47.362669 | M3: 1.16 | N3: 185 | O3: 19 | P3: 14 | Q3: 15 | R3: 23.618337 | S3: 58.527054 | T3: 736 | U3: 15.107333 | V3: 15.868286 | W3: 17.038919 | AF3: 3090.6978 | AG3: 3240.0346 | AH3: 3460.7451 | AQ3: 138.51515 | AR3: 149.67568 | AS3: 160.97368 | BB3: 0.15723504 | BC3: 0.45637373 | BD3: 0.46803696 | BE3: 0.4423697 | BF3: 0.43131979 | BG3: 1.0465045 | BH3: 1.0478401 | BI3: 0.28734429 | BJ3: 0.29108186 | BK3: 0.79282769 | BL3: 0.019328704 | BM3: 19 | BN3: 8.4 | BO3: 15.344628 | BP3: 16.102319 | BQ3: 17.243051 | BZ3: 9 | CA3: 11 | CB3: 12 | CC3: 14 | CD3: 16 | CE3: 19
B4: P002 | C4: Male | D4: 31 | E4: 1.79 | F4: 72.8 | G4: 2 | H4: 20 | I4: No | J4: 0.029166667 | K4: 14.511581 | L4: 61.060415 | M4: 0.84 | N4: 189 | O4: 18 | P4: 17 | Q4: 17 | R4: 23.900812 | S4: 59.448206 | T4: 756.99255 | U4: 11.355333 | V4: 13.476562 | W4: 14.921667 | X4: 16.68129 | Y4: 17.620541 | AF4: 2372.0338 | AG4: 2795.4297 | AH4: 3091.7683 | AI4: 3455.8178 | AJ4: 3668.3431 | AQ4: 113.90323 | AR4: 136.27273 | AS4: 150.9697 | AT4: 163.24242 | AU4: 171.73684 | BB4: 0.17320023 | BC4: 0.42885215 | BD4: 0.430288 | BE4: 0.41606558 | BF4: 0.42444645 | BG4: 0.99658136 | BH4: 1.0029868 | BI4: 0.28038095 | BJ4: 0.28266007 | BK4: 0.79021593 | BL4: 0.011886574 | BM4: 18 | BN4: 9.5 | BO4: 11.813627 | BP4: 13.804852 | BQ4: 15.254769 | BR4: 17.085131 | BS4: 18.057745 | CA4: 11 | CB4: 13 | CC4: 13 | CD4: 14 | CE4: 15 | CF4: 16 | CG4: 16 | CH4: 18
B5: P003 | C5: Male | D5: 27 | E5: 1.945 | F5: 75.3 | G5: 3 | H5: 20 | I5: No | J5: 0.026388889 | K5: 15.635604 | L5: 47.949441 | M5: 1.22 | N5: 199 | O5: 20 | P5: 18 | Q5: 18 | R5: 22.398243 | S5: 48.755446 | T5: 758 | U5: 11.973077 | V5: 12.33 | W5: 13.23 | X5: 13.8916 | Y5: 15.453333 | Z5: 15.585667 | AF5: 2469.7696 | AG5: 2495.442 | AH5: 2684.7433 | AI5: 2812.2398 | AJ5: 3101.2202 | AK5: 3116.8967 | AQ5: 141.48148 | AR5: 152.48 | AS5: 152.33333 | AT5: 167.07407 | AU5: 174.23077 | AV5: 180.51613 | BB5: 0.16204962 | BC5: 0.48999643 | BD5: 0.49208147 | BE5: 0.44866631 | BF5: 0.45242279 | BG5: 1.0984904 | BH5: 1.1012151 | BI5: 0.30538138 | BJ5: 0.29920829 | BK5: 0.84514722 | BL5: 0.010706019 | BM5: 20 | BN5: 8.2 | BO5: 12.212917 | BP5: 12.438839 | BQ5: 13.473661 | BR5: 13.943784 | BS5: 15.545158 | BT5: 15.650499 | BZ5: 8 | CA5: 10 | CB5: 12 | CC5: 13 | CD5: 15 | CE5: 16 | CF5: 17 | CG5: 18 | CH5: 20
B6: P004 | C6: Female | D6: 45 | E6: 1.713 | F6: 66.9 | G6: 5 | H6: 60 | I6: No | J6: 0.03125 | K6: 14.236637 | L6: 62.632095 | M6: 1.47 | N6: 169 | O6: 19 | P6: 16 | Q6: 16 | R6: 23.197408 | S6: 62.420738 | T6: 736 | U6: 11.536471 | V6: 12.297059 | W6: 13.065 | X6: 14.856087 | Y6: 16.0092 | AF6: 2358.9612 | AG6: 2490.8328 | AH6: 2668.1015 | AI6: 3024.637 | AJ6: 3236.2456 | AQ6: 120.42105 | AR6: 129.5 | AS6: 138.95455 | AT6: 149.65217 | AU6: 159.28 | BB6: 0.17299798 | BC6: 0.43072216 | BD6: 0.43263827 | BE6: 0.40784939 | BF6: 0.40577012 | BG6: 0.97989151 | BH6: 0.98300695 | BI6: 0.26685161 | BJ6: 0.26632912 | BK6: 0.73155077 | BL6: 0.010081019 | BM6: 20 | BO6: 11.658932 | BP6: 12.435519 | BQ6: 13.259318 | BR6: 15.053171 | BS6: 16.182699 | BZ6: 10 | CA6: 11 | CB6: 12 | CC6: 14 | CD6: 16 | CE6: 17 | CF6: 19 | CG6: 20
B7: P005 | C7: Female | D7: 20 | E7: 1.629 | F7: 61.8 | G7: 4 | H7: 35 | I7: No | J7: 0.031597222 | K7: 13.149565 | L7: 46.727081 | M7: 1.07 | N7: 196 | O7: 19 | P7: 15 | Q7: 15 | R7: 23.736006 | S7: 50.261006 | T7: 738.99843 | U7: 9.8658333 | V7: 10.837097 | W7: 11.86 | X7: 13.094706 | AF7: 2015.5448 | AG7: 2207.6465 | AH7: 2405.0368 | AI7: 2642.7035 | AQ7: 146.76923 | AR7: 156.84375 | AS7: 166.38235 | AT7: 178.22222 | BB7: 0.17414062 | BC7: 0.39510028 | BD7: 0.39162486 | BE7: 0.36028242 | BF7: 0.35564424 | BG7: 0.89362877 | BH7: 0.88575247 | BI7: 0.26107766 | BJ7: 0.263084 | BK7: 0.73930938 | BL7: 0.014699074 | BM7: 17 | BO7: 10.026771 | BP7: 10.98372 | BQ7: 11.99308 | BR7: 13.209979 | BZ7: 8 | CA7: 11 | CB7: 12 | CC7: 15 | CD7: 16 | CE7: 19 | CF7: 20
B8: P006 | C8: Male | D8: 27 | E8: 1.666 | F8: 61.4 | G8: 4 | H8: 30 | I8: No | J8: 0.025694444 | K8: 15.137513 | L8: 52.908876 | M8: 1.19 | N8: 179 | O8: 18 | P8: 18 | Q8: 19 | R8: 22.926381 | S8: 49.422182 | T8: 737.98859 | U8: 10.616071 | V8: 11.501875 | W8: 12.28 | X8: 12.932222 | Y8: 13.768974 | Z8: 14.172609 | AF8: 2164.8456 | AG8: 2335.3799 | AH8: 2467.4736 | AI8: 2611.228 | AJ8: 2768.0501 | AK8: 2821.8034 | AQ8: 119.26667 | AR8: 124.85294 | AS8: 133.28205 | AT8: 139.71795 | AU8: 148.19048 | AV8: 158.33333 | BB8: 0.15313812 | BC8: 0.37949546 | BD8: 0.38807014 | BE8: 0.37772465 | BF8: 0.37288995 | BG8: 0.90289123 | BH8: 0.90718969 | BI8: 0.26410117 | BJ8: 0.26397941 | BK8: 0.76095954 | BL8: 0.018506944 | BM8: 20 | BN8: 7.7 | BO8: 10.766199 | BP8: 11.638325 | BQ8: 12.360578 | BR8: 13.049374 | BS8: 13.834633 | BT8: 14.200081 | BZ8: 8 | CA8: 9 | CB8: 11 | CC8: 12 | CD8: 14 | CE8: 15 | CF8: 16 | CG8: 17 | CH8: 18 | CI8: 20
B9: P007 | C9: Male | D9: 47 | E9: 1.707 | F9: 69.4 | G9: 3 | H9: 60 | I9: No | J9: 0.03125 | K9: 14.214796 | L9: 52.291552 | M9: 1.04 | N9: 153 | O9: 19 | P9: 17 | Q9: 17 | R9: 23.452632 | S9: 47.470542 | T9: 739 | U9: 11.500741 | V9: 13.33125 | W9: 14.794375 | Y9: 16.359697 | AF9: 2338.3975 | AG9: 2663.8366 | AH9: 2974.3897 | AJ9: 3248.3186 | AQ9: 107.82143 | AR9: 116.9697 | AS9: 123.15152 | AU9: 135 | BB9: 0.1579303 | BC9: 0.42945299 | BD9: 0.43132831 | BE9: 0.40366623 | BF9: 0.40200119 | BG9: 0.97649314 | BH9: 0.97705172 | BI9: 0.28025275 | BJ9: 0.27989071 | BK9: 0.73022757 | BL9: 0.028310185 | BM9: 20 | BN9: 5.4 | BO9: 11.645634 | BP9: 13.427102 | BQ9: 14.895702 | BS9: 16.368762 | BZ9: 7 | CA9: 10 | CB9: 12 | CC9: 12 | CD9: 13 | CE9: 14 | CF9: 17 | CG9: 19 | CH9: 20
B10: P008 | C10: Female | D10: 25 | E10: 1.557 | F10: 47.3 | G10: 4 | H10: 32 | I10: No | J10: 0.029560185 | K10: 12.749899 | L10: 46.090815 | M10: 1.27 | N10: 207 | O10: 16 | P10: 14 | Q10: 15 | R10: 21.314957 | S10: 37.729769 | T10: 751 | U10: 7.2081081 | V10: 7.5412821 | W10: 8.0689583 | AF10: 1445.7942 | AG10: 1488.454 | AH10: 1582.2602 | AQ10: 156.84211 | AR10: 176.41463 | AS10: 188.9 | BB10: 0.14458816 | BC10: 0.39022682 | BD10: 0.38781552 | BE10: 0.36873628 | BF10: 0.36338126 | BG10: 0.89412255 | BH10: 0.89107072 | BI10: 0.24762747 | BJ10: 0.24799221 | BK10: 0.66440336 | BO10: 7.2429328 | BP10: 7.4981424 | BQ10: 8.0177341 | BZ10: 6 | CA10: 7 | CB10: 9 | CC10: 12 | CD10: 16 | CE10: 19
B11: P009 | C11: Male | D11: 49 | E11: 1.724 | F11: 63.3 | G11: 5 | H11: 75 | I11: No | J11: 0.027777778 | K11: 14.557281 | L11: 51.412404 | M11: 1.04 | N11: 177 | O11: 19 | P11: 17 | Q11: 18 | R11: 22.648151 | S11: 41.580137 | T11: 746.33767 | U11: 10.5496 | V11: 11.806818 | W11: 12.1108 | X11: 12.627879 | Y11: 13.807297 | AF11: 2149.9468 | AG11: 2421.0307 | AH11: 2459.5709 | AI11: 2564.6288 | AJ11: 2786.2699 | AQ11: 118.73077 | AR11: 126.16667 | AS11: 135.64286 | AT11: 142.71429 | AU11: 156 | BB11: 0.17455749 | BC11: 0.4268891 | BD11: 0.43499756 | BE11: 0.39465403 | BF11: 0.39538961 | BG11: 0.96081476 | BH11: 0.97163914 | BI11: 0.26955939 | BJ11: 0.26777471 | BK11: 0.75777305 | BL11: 0.016064815 | BM11: 20 | BN11: 10 | BO11: 10.654892 | BP11: 12.006566 | BQ11: 12.200142 | BR11: 12.779299 | BS11: 13.951477 | BZ11: 12 | CA11: 13 | CB11: 14 | CC11: 15 | CD11: 16 | CE11: 17 | CF11: 18 | CG11: 19 | CH11: 20
B12: P010 | C12: Male | D12: 27 | E12: 1.7 | F12: 76.8 | G12: 3 | H12: 15 | I12: No | J12: 0.029861111 | K12: 13.112863 | L12: 49.391254 | M12: 1.19 | N12: 193 | O12: 19 | P12: 15 | Q12: 15 | R12: 22.429656 | S12: 41.761302 | T12: 739 | U12: 13.083913 | V12: 14.385909 | W12: 15.8525 | X12: 16.502903 | AF12: 2638.8468 | AG12: 2880.6399 | AH12: 3122.2702 | AI12: 3258.5162 | AQ12: 127.76 | AR12: 146.125 | AS12: 159.7931 | AT12: 172.53125 | BB12: 0.17341847 | BC12: 0.41099359 | BD12: 0.41225068 | BE12: 0.3867722 | BF12: 0.38451684 | BG12: 0.95328096 | BH12: 0.95415381 | BI12: 0.27673085 | BJ12: 0.27596848 | BK12: 0.74628261 | BL12: 0.015659722 | BM12: 20 | BO12: 13.126815 | BP12: 14.477139 | BQ12: 15.760202 | BR12: 16.467473 | BZ12: 10 | CA12: 12 | CB12: 15 | CC12: 16 | CD12: 18 | CE12: 19 | CF12: 20
B13: P011 | C13: Male | D13: 48 | E13: 1.833 | F13: 80.7 | G13: 2 | H13: 15 | I13: No | J13: 0.029166667 | K13: 12.998403 | L13: 45.780981 | M13: 1.48 | N13: 190 | O13: 20 | P13: 15 | Q13: 16 | R13: 22.782536 | S13: 39.310207 | T13: 739 | U13: 13.9 | V13: 14.9888 | AF13: 2781.7776 | AG13: 2990.922 | AQ13: 139.17391 | AR13: 152.03846 | BB13: 0.18050829 | BC13: 0.46181702 | BD13: 0.46475609 | BE13: 0.44230054 | BF13: 0.4379255 | BG13: 1.0641392 | BH13: 1.0632874 | BI13: 0.30804186 | BJ13: 0.29916406 | BK13: 0.76928671 | BL13: 0.011446759 | BM13: 20 | BN13: 9.1 | BO13: 13.924649 | BP13: 15.458285 | BZ13: 8 | CA13: 10 | CB13: 13 | CC13: 15 | CD13: 17 | CE13: 19 | CF13: 20
B14: P012 | C14: Male | D14: 46 | E14: 1.659 | F14: 62.4 | G14: 5 | H14: 45 | I14: No | J14: 0.027662037 | K14: 14.291701 | L14: 51.706356 | M14: 1.1 | N14: 158 | O14: 19 | P14: 16 | Q14: 16 | R14: 23.290348 | S14: 40.524673 | T14: 739.99202 | U14: 10.562143 | V14: 11.514286 | W14: 12.290968 | X14: 13.187857 | Y14: 14.254286 | AF14: 2152.2275 | AG14: 2317.1963 | AH14: 2456.8989 | AI14: 2641.6773 | AJ14: 2828.9385 | AQ14: 114.62069 | AR14: 161.03333 | AS14: 128.58824 | AT14: 136.93333 | AU14: 144.36111 | BB14: 0.1566453 | BC14: 0.40674164 | BD14: 0.41060979 | BE14: 0.37605917 | BF14: 0.37415724 | BG14: 0.92748284 | BH14: 0.93290567 | BI14: 0.27716717 | BJ14: 0.27683665 | BK14: 0.72880574 | BL14: 0.013368056 | BM14: 20 | BO14: 10.677274 | BP14: 11.609422 | BQ14: 12.317752 | BR14: 13.264719 | BS14: 14.238287 | BZ14: 8 | CA14: 11 | CB14: 12 | CC14: 13 | CD14: 15 | CE14: 17 | CF14: 19 | CG14: 20
B15: P013 | C15: Male | D15: 41 | E15: 1.78 | F15: 77.8 | G15: 4 | H15: 45 | I15: No | J15: 0.027569444 | K15: 14.026649 | L15: 46.875756 | M15: 1.13 | N15: 179 | O15: 19 | P15: 16 | Q15: 17 | R15: 23.252102 | S15: 36.62728 | T15: 738 | U15: 12.051905 | V15: 13.223333 | W15: 14.685 | X15: 15.664643 | Y15: 17.092353 | AF15: 2427.7223 | AG15: 2644.8696 | AH15: 2957.1259 | AI15: 3136.246 | AJ15: 3404.0168 | AQ15: 124.47619 | AR15: 135.75 | AS15: 142.96154 | AT15: 152.23333 | AU15: 162.86111 | BB15: 0.16710982 | BC15: 0.42656244 | BD15: 0.43246727 | BE15: 0.42642434 | BF15: 0.41894671 | BG15: 1.0034385 | BH15: 1.0004411 | BI15: 0.28702453 | BJ15: 0.29053558 | BK15: 0.77806021 | BL15: 0.013171296 | BM15: 20 | BO15: 12.14653 | BP15: 13.262037 | BQ15: 14.797516 | BR15: 15.741186 | BS15: 17.127786 | BZ15: 11 | CA15: 12 | CB15: 13 | CC15: 15 | CD15: 16 | CE15: 17 | CF15: 19 | CG15: 20
B16: P014 | C16: Female | D16: 34 | E16: 1.565 | F16: 50.9 | G16: 6 | H16: 90 | I16: No | J16: 0.026168981 | K16: 14.129391 | L16: 54.276197 | M16: 1.16 | N16: 186 | O16: 20 | P16: 16 | Q16: 17 | R16: 23.498567 | S16: 35.386348 | T16: 745 | U16: 9.5784615 | V16: 10.300345 | W16: 11.076667 | X16: 11.994706 | Y16: 12.399412 | AF16: 2001.7601 | AG16: 2149.3995 | AH16: 2300.637 | AI16: 2461.0652 | AJ16: 2535.5057 | AQ16: 121.40741 | AR16: 133.13333 | AS16: 142.83871 | AT16: 155.80556 | AU16: 165.59459 | BB16: 0.14629385 | BC16: 0.38660721 | BD16: 0.37583016 | BE16: 0.35289288 | BF16: 0.35262936 | BG16: 0.82415344 | BH16: 0.81848787 | BI16: 0.24787166 | BJ16: 0.25063912 | BK16: 0.74367935 | BO16: 9.7407743 | BP16: 10.598448 | BQ16: 11.319917 | BR16: 12.222794 | BS16: 12.592065 | BZ16: 9 | CA16: 11 | CB16: 12 | CC16: 13 | CD16: 15 | CE16: 17 | CF16: 18 | CG16: 20
B17: P015 | C17: Female | D17: 45 | E17: 1.644 | F17: 59.2 | G17: 6 | H17: 80 | I17: No | J17: 0.028287037 | K17: 13.412252 | L17: 47.025349 | M17: 1.36 | N17: 166 | O17: 19 | P17: 16 | Q17: 16 | R17: 23.359529 | S17: 36.91684 | T17: 743.4255 | U17: 9.9122222 | V17: 10.467241 | W17: 11.42871 | X17: 12.556286 | AF17: 2020.2249 | AG17: 2128.5202 | AH17: 2276.9208 | AI17: 2504.5024 | AQ17: 120.06897 | AR17: 129.36667 | AS17: 140.21875 | AT17: 148.92105 | BB17: 0.16849219 | BC17: 0.41613553 | BD17: 0.41614978 | BE17: 0.38601112 | BF17: 0.39314571 | BG17: 0.89530055 | BH17: 0.90130739 | BI17: 0.25691399 | BJ17: 0.2584768 | BK17: 0.74569603 | BM17: 19 | BN17: 3.9 | BO17: 10.076469 | BP17: 10.605388 | BQ17: 11.452564 | BR17: 12.59437 | BZ17: 9 | CA17: 10 | CB17: 11 | CC17: 12 | CD17: 14 | CE17: 17 | CF17: 19
B18: P016 | C18: Male | D18: 29 | E18: 1.891 | F18: 83.6 | G18: 3 | H18: 37 | I18: No | J18: 0.027777778 | K18: 14.272784 | L18: 66.068475 | M18: 0.66 | N18: 189 | O18: 20 | P18: 17 | Q18: 18 | R18: 22.498318 | S18: 37.917903 | T18: 739 | U18: 15.1105 | V18: 16.8785 | W18: 19.296538 | X18: 20.24 | Y18: 22.749744 | AF18: 3221.0362 | AG18: 3566.4402 | AH18: 4080.341 | AI18: 4265.9972 | AJ18: 4867.8884 | AQ18: 152.2 | AR18: 161.8 | AS18: 169.46154 | AT18: 175.40741 | AU18: 181.4878 | BB18: 0.19300653 | BC18: 0.46107418 | BD18: 0.46465459 | BE18: 0.43429984 | BF18: 0.44343418 | BG18: 0.99659566 | BH18: 1.0057065 | BI18: 0.30278727 | BJ18: 0.30092825 | BK18: 0.88984893 | BM18: 20 | BO18: 15.779292 | BP18: 17.430394 | BQ18: 19.928448 | BR18: 20.769285 | BS18: 23.646864 | BZ18: 7 | CA18: 9 | CB18: 10 | CC18: 13 | CD18: 14 | CE18: 16 | CF18: 18 | CG18: 19 | CH18: 20
B19: P017 | C19: Male | D19: 22 | E19: 1.773 | F19: 59.3 | G19: 5 | H19: 58 | I19: Knee pain | J19: 0.025 | K19: 15.002059 | L19: 56.684908 | M19: 1.15 | N19: 191 | O19: 20 | P19: 18 | Q19: 19 | R19: 23.33274 | S19: 36.884768 | T19: 742.18299 | U19: 11.11129 | V19: 11.160303 | W19: 12.406286 | X19: 12.768 | Y19: 13.165676 | Z19: 14.363784 | AF19: 2267.4388 | AG19: 2256.6213 | AH19: 2483.6665 | AI19: 2561.6559 | AJ19: 2630.2057 | AK19: 2867.4454 | AQ19: 127.84848 | AR19: 142.68571 | AS19: 150.91667 | AT19: 158 | AU19: 165.73684 | AV19: 172.46154 | BB19: 0.15349964 | BC19: 0.45512551 | BD19: 0.45489969 | BE19: 0.42650539 | BF19: 0.42484889 | BG19: 0.97609675 | BH19: 0.97973101 | BI19: 0.28320564 | BJ19: 0.28256997 | BK19: 0.79508612 | BL19: 0.023831019 | BM19: 20 | BO19: 11.272205 | BP19: 11.247793 | BQ19: 12.45559 | BR19: 12.823623 | BS19: 13.213664 | BT19: 14.410561 | BZ19: 9 | CA19: 11 | CB19: 12 | CC19: 13 | CD19: 14 | CE19: 15 | CF19: 16 | CG19: 17 | CH19: 18 | CI19: 20
B20: P018 | C20: Male | D20: 46 | E20: 1.799 | F20: 75.3 | G20: 3 | H20: 30 | I20: No | J20: 0.025046296 | K20: 15.139812 | L20: 53.842701 | M20: 1.27 | N20: 169 | O20: 20 | P20: 18 | Q20: 19 | R20: 20.113725 | S20: 34.922323 | T20: 754.00075 | U20: 12.762353 | V20: 13.137778 | W20: 14.773333 | X20: 15.54 | Y20: 16.682692 | Z20: 18.112692 | AF20: 2610.9248 | AG20: 2654.7956 | AH20: 2964.0823 | AI20: 3121.8063 | AJ20: 3329.0102 | AK20: 3567.6404 | AQ20: 104.72222 | AR20: 114.4 | AS20: 121.54545 | AT20: 131.04348 | AU20: 139.55556 | AV20: 147.44444 | BB20: 0.18124487 | BC20: 0.42430346 | BD20: 0.43852056 | BE20: 0.42003005 | BF20: 0.41153197 | BG20: 0.93966342 | BH20: 0.94865033 | BI20: 0.28250483 | BJ20: 0.27706343 | BK20: 0.85484313 | BM20: 20 | BN20: 6 | BO20: 12.931143 | BP20: 13.288691 | BQ20: 14.8099 | BR20: 15.591422 | BS20: 16.698796 | BT20: 18.132339 | BZ20: 7 | CA20: 9 | CB20: 10 | CC20: 11 | CD20: 12 | CE20: 13 | CF20: 15 | CG20: 16 | CH20: 19 | CI20: 20
B21: P019 | C21: Male | D21: 50 | E21: 1.797 | F21: 75.6 | G21: 5 | H21: 45 | I21: No | J21: 0.026388889 | K21: 14.93478 | L21: 46.834105 | M21: 1.31 | N21: 173 | O21: 20 | P21: 17 | Q21: 18 | R21: 19.779779 | S21: 36.074772 | T21: 750 | U21: 10.476087 | V21: 11.362609 | W21: 12.861923 | X21: 13.798462 | Y21: 15.056452 | AF21: 2109.8083 | AG21: 2299.136 | AH21: 2590.3661 | AI21: 2768.6987 | AJ21: 2999.8679 | AQ21: 98.88 | AR21: 110.08333 | AS21: 122.74074 | AT21: 133.85714 | AU21: 144.96875 | BB21: 0.17405633 | BC21: 0.44579 | BD21: 0.44772826 | BE21: 0.42668624 | BF21: 0.42139608 | BG21: 0.96538401 | BH21: 0.96786367 | BI21: 0.28334852 | BJ21: 0.28368662 | BK21: 0.83037616 | BL21: 0.017071759 | BM21: 20 | BN21: 7.7 | BO21: 10.603739 | BP21: 11.481946 | BQ21: 13.084188 | BR21: 13.893604 | BS21: 15.071402 | BZ21: 11 | CA21: 12 | CB21: 12 | CC21: 13 | CD21: 14 | CE21: 15 | CF21: 17 | CG21: 19 | CH21: 20
B22: P020 | C22: Male | D22: 41 | E22: 1.841 | F22: 77.1 | G22: 3 | H22: 60 | I22: No | J22: 0.024930556 | K22: 14.877686 | L22: 49.287316 | M22: 1.3 | N22: 186 | O22: 19 | P22: 17 | Q22: 18 | R22: 23.498554 | S22: 43.096891 | T22: 730 | U22: 11.914615 | V22: 12.746296 | W22: 13.98129 | X22: 14.255455 | Y22: 15.2 | AF22: 2386.7945 | AG22: 2522.5246 | AH22: 2780.2939 | AI22: 2821.1808 | AJ22: 3003.3956 | AQ22: 125.19231 | AR22: 136.62069 | AS22: 143.5 | AT22: 150.85714 | AU22: 160.14286 | BB22: 0.17389872 | BC22: 0.45057313 | BD22: 0.46074489 | BE22: 0.42748162 | BF22: 0.43330513 | BG22: 0.97201063 | BH22: 0.98209875 | BI22: 0.29726646 | BJ22: 0.2974532 | BK22: 0.86394531 | BM22: 14 | BO22: 11.988842 | BP22: 12.751216 | BQ22: 14.051174 | BR22: 14.217664 | BS22: 15.164899 | BZ22: 7 | CA22: 7 | CB22: 8 | CC22: 9 | CD22: 11 | CE22: 12 | CF22: 14 | CG22: 15 | CH22: 19
B23: P021 | C23: Male | D23: 31 | E23: 1.848 | F23: 82.3 | G23: 4 | H23: 55 | I23: No | J23: 0.030243056 | K23: 13.230504 | L23: 45.96564 | M23: 1.28 | N23: 188 | O23: 20 | P23: 15 | Q23: 16 | R23: 22.132422 | S23: 39.301602 | T23: 739 | U23: 13.996667 | V23: 14.476522 | W23: 14.9412 | X23: 16.736538 | AF23: 2819.8218 | AG23: 2907.2655 | AH23: 2982.3776 | AI23: 3315.1202 | AQ23: 134.57895 | AR23: 147.84 | AS23: 155.53846 | AT23: 164.03704 | BB23: 0.17455823 | BC23: 0.45306269 | BD23: 0.44808337 | BE23: 0.43680073 | BF23: 0.44427083 | BG23: 0.98955654 | BH23: 0.99073122 | BI23: 0.29843801 | BJ23: 0.29634205 | BK23: 0.85785612 | BM23: 20 | BN23: 6.6 | BO23: 14.112132 | BP23: 14.568068 | BQ23: 14.989344 | BR23: 16.68439 | BZ23: 9 | CA23: 11 | CB23: 13 | CC23: 15 | CD23: 17 | CE23: 18 | CF23: 20
B24: P022 | C24: Male | D24: 43 | E24: 1.737 | F24: 65.7 | G24: 5 | H24: 60 | I24: No | J24: 0.024189815 | K24: 15.275271 | L24: 56.331233 | M24: 1.15 | N24: 189 | O24: 20 | P24: 17 | Q24: 18 | R24: 21.171901 | S24: 31.734035 | T24: 731 | U24: 10.610435 | V24: 11.802381 | W24: 12.412593 | X24: 13.947143 | Y24: 14.945172 | Z24: 16.224643 | AF24: 2186.0405 | AG24: 2370.4337 | AH24: 2526.8315 | AI24: 2832.7908 | AJ24: 3023.8655 | AK24: 3263.1049 | AQ24: 116.95652 | AR24: 123.6087 | AS24: 134.44828 | AT24: 142.54839 | AU24: 154.3871 | AV24: 165.06667 | BB24: 0.15705935 | BC24: 0.43419829 | BD24: 0.43042792 | BE24: 0.401558 | BF24: 0.40993333 | BG24: 0.92374099 | BH24: 0.92609577 | BI24: 0.28370536 | BJ24: 0.2846059 | BK24: 0.81208162 | BL24: 0.014803241 | BM24: 19 | BN24: 6.2 | BO24: 10.934364 | BP24: 11.94482 | BQ24: 12.706071 | BR24: 14.112117 | BS24: 15.037535 | BT24: 16.3662 | BZ24: 10 | CA24: 12 | CB24: 13 | CC24: 15 | CD24: 16 | CE24: 17 | CF24: 18 | CG24: 19 | CH24: 20
B25: P023 | C25: Female | D25: 49 | E25: 1.634 | F25: 60.3 | G25: 4 | H25: 52 | I25: No | J25: 0.030138889 | K25: 13.554094 | L25: 48.216458 | M25: 1.13 | N25: 159 | O25: 19 | P25: 15 | Q25: 15 | R25: 20.614709 | S25: 32.779833 | T25: 735 | V25: 11.184 | W25: 11.693611 | X25: 12.833514 | AG25: 2236.3736 | AH25: 2326.7765 | AI25: 2532.5285 | AR25: 121.66667 | AS25: 131.10811 | AT25: 143.23684 | BB25: 0.17564821 | BC25: 0.38644544 | BD25: 0.39518133 | BE25: 0.36797577 | BF25: 0.37132388 | BG25: 0.86152519 | BH25: 0.87200497 | BI25: 0.25866958 | BJ25: 0.2560418 | BK25: 0.76723492 | BM25: 18 | BP25: 11.230201 | BQ25: 11.726408 | BR25: 12.776666 | BZ25: 8 | CA25: 9 | CB25: 11 | CC25: 12 | CD25: 15 | CE25: 19
B26: P024 | C26: Male | D26: 22 | E26: 1.79 | F26: 69 | G26: 4 | H26: 8 | I26: No | J26: 0.025694444 | K26: 15.018323 | L26: 52.774203 | M26: 1.27 | N26: 206 | O26: 20 | P26: 18 | Q26: 18 | R26: 23.909689 | S26: 31.283243 | T26: 730.79931 | U26: 12.133333 | V26: 12.137273 | W26: 13.829062 | X26: 14.532857 | Y26: 15.367273 | Z26: 16.520455 | AF26: 2497.2024 | AG26: 2480.9417 | AH26: 2775.0389 | AI26: 2919.6664 | AJ26: 3066.9692 | AK26: 3273.0176 | AQ26: 139.24138 | AR26: 150.47826 | AS26: 159.9697 | AT26: 167.32432 | AU26: 176.57143 | AV26: 183.54348 | BB26: 0.17092654 | BC26: 0.4478591 | BD26: 0.44853847 | BE26: 0.40820764 | BF26: 0.40716019 | BG26: 0.95812952 | BH26: 0.95995654 | BI26: 0.28025069 | BJ26: 0.27720973 | BK26: 0.83095697 | BL26: 0.016921296 | BM26: 19 | BN26: 6.5 | BO26: 12.532412 | BP26: 12.357829 | BQ26: 13.910455 | BR26: 14.626558 | BS26: 15.415674 | BT26: 16.511186 | BZ26: 10 | CA26: 11 | CB26: 12 | CC26: 13 | CD26: 14 | CE26: 15 | CF26: 15 | CG26: 17 | CH26: 20
B27: P025 | C27: Female | D27: 45 | E27: 1.667 | F27: 58 | G27: 7 | H27: 55 | I27: No | J27: 0.030081019 | K27: 13.052477 | L27: 51.984415 | M27: 0.73 | N27: 164 | O27: 20 | P27: 15 | Q27: 16 | R27: 21.158865 | S27: 29.608865 | T27: 731.76439 | U27: 10.333125 | V27: 11.511351 | W27: 11.583256 | X27: 12.193488 | AF27: 2145.6474 | AG27: 2408.9375 | AH27: 2425.2086 | AI27: 2540.0113 | AQ27: 130.93939 | AR27: 141.05263 | AS27: 145.48889 | AT27: 150.78261 | BB27: 0.18581018 | BC27: 0.40171141 | BD27: 0.39710903 | BE27: 0.37681636 | BF27: 0.36922067 | BG27: 0.86977189 | BH27: 0.86488376 | BI27: 0.26392861 | BJ27: 0.26396981 | BK27: 0.79967217 | BL27: 0.014537037 | BM27: 20 | BN27: 5.7 | BO27: 10.586661 | BP27: 11.854061 | BQ27: 11.890994 | BR27: 12.496479 | BZ27: 11 | CA27: 12 | CB27: 13 | CC27: 14 | CD27: 17 | CE27: 19 | CF27: 20
B28: P026 | C28: Male | D28: 46 | E28: 1.785 | F28: 76 | G28: 5 | H28: 35 | I28: No | J28: 0.028819444 | K28: 13.38001 | L28: 41.619177 | M28: 1.19 | N28: 173 | O28: 19 | P28: 16 | Q28: 17 | R28: 20.978814 | S28: 32.194915 | T28: 739.94237 | U28: 12.780952 | V28: 13.843333 | W28: 14.69 | X28: 15.041852 | AF28: 2565.0867 | AG28: 2755.8711 | AH28: 2899.886 | AI28: 2965.8363 | AQ28: 126.45455 | AR28: 137.96154 | AS28: 146.53846 | AT28: 153.86667 | BB28: 0.1513152 | BC28: 0.49121156 | BD28: 0.48503186 | BE28: 0.42911304 | BF28: 0.42941371 | BG28: 1.0125474 | BH28: 1.0084919 | BI28: 0.27447043 | BJ28: 0.27834939 | BK28: 0.77448035 | BL28: 0.01525463 | BM28: 19 | BN28: 10.2 | BO28: 12.818553 | BP28: 13.869155 | BQ28: 14.655309 | BR28: 14.997699 | BZ28: 7 | CA28: 8 | CB28: 8 | CC28: 10 | CD28: 11 | CE28: 14 | CF28: 17 | CG28: 19
B29: P027 | C29: Male | D29: 44 | E29: 1.818 | F29: 64.4 | G29: 6 | H29: 84 | I29: Sprained ankle 6 months ago for a week and knee pain two weeks 10 months ago | J29: 0.025173611 | K29: 15.417754 | L29: 49.275352 | M29: 1.21 | N29: 172 | O29: 20 | P29: 17 | Q29: 18 | R29: 19.627323 | S29: 30.267722 | T29: 735 | U29: 10.781364 | V29: 11.148261 | W29: 12.059167 | X29: 12.684333 | Y29: 13.536552 | Z29: 13.942121 | AF29: 2177.2847 | AG29: 2241.5001 | AH29: 2416.4616 | AI29: 2530.483 | AJ29: 2696.3946 | AK29: 2742.632 | AQ29: 106.86957 | AR29: 111.24 | AS29: 123.53846 | AT29: 132.70968 | AU29: 140.1875 | AV29: 151.62857 | BB29: 0.15793415 | BC29: 0.46035525 | BD29: 0.47173296 | BE29: 0.44284496 | BF29: 0.43477554 | BG29: 0.99625184 | BH29: 1.0094201 | BI29: 0.29040104 | BJ29: 0.28556521 | BK29: 0.81516402 | BM29: 18 | BN29: 4.1 | BO29: 11.021387 | BP29: 11.229173 | BQ29: 12.13751 | BR29: 12.743739 | BS29: 13.555458 | BT29: 13.899727 | BZ29: 7 | CA29: 9 | CB29: 10 | CC29: 11 | CD29: 11 | CE29: 13 | CF29: 15 | CG29: 17 | CH29: 20
B30: P028 | C30: Male | D30: 46 | E30: 1.778 | F30: 68.6 | G30: 4 | H30: 50 | I30: No | J30: 0.025694444 | K30: 14.137932 | L30: 52.14699 | M30: 1.2 | N30: 177 | O30: 20 | P30: 16 | Q30: 17 | R30: 19.94968 | S30: 30.9768 | T30: 733.8944 | U30: 10.929091 | V30: 12.298462 | W30: 13.923214 | X30: 14.840606 | Y30: 15.878 | AF30: 2248.5779 | AG30: 2490.5325 | AH30: 2795.0077 | AI30: 2953.1731 | AJ30: 3144.0911 | AQ30: 115.78261 | AR30: 126.18519 | AS30: 138.58621 | AT30: 148.20588 | AU30: 157.7027 | BB30: 0.17359337 | BC30: 0.46373214 | BD30: 0.45661608 | BE30: 0.41965347 | BF30: 0.41561968 | BG30: 0.97504099 | BH30: 0.96907288 | BI30: 0.28126008 | BJ30: 0.28129434 | BK30: 0.80594306 | BM30: 19 | BO30: 11.133498 | BP30: 12.432183 | BQ30: 14.007791 | BR30: 14.865337 | BS30: 15.869688 | BZ30: 7 | CA30: 9 | CB30: 11 | CC30: 12 | CD30: 14 | CE30: 17 | CF30: 19 | CG30: 20
B31: P029 | C31: Male | D31: 44 | E31: 1.755 | F31: 76.7 | G31: 4 | H31: 40 | I31: No | J31: 0.030555556 | K31: 12.69827 | L31: 54.741303 | M31: 0.65 | N31: 177 | O31: 20 | P31: 14 | Q31: 15 | R31: 23.070878 | S31: 39.095878 | T31: 728.99552 | U31: 12.938065 | V31: 14.277273 | W31: 16.212564 | AF31: 2786.5216 | AG31: 3081.8254 | AH31: 3508.5059 | AQ31: 125.63636 | AR31: 138.48571 | AS31: 154.75 | BB31: 0.17860803 | BC31: 0.42081906 | BD31: 0.43128534 | BE31: 0.40207538 | BF31: 0.39876521 | BG31: 0.92495001 | BH31: 0.93331427 | BI31: 0.27069651 | BJ31: 0.27087855 | BK31: 0.82586786 | BL31: 0.0067708333 | BM31: 19 | BN31: 6.3 | BO31: 13.493866 | BP31: 14.886587 | BQ31: 16.905691 | BZ31: 8 | CA31: 10 | CB31: 12 | CC31: 15 | CD31: 19 | CE31: 20
B32: P030 | C32: Male | D32: 29 | E32: 1.753 | F32: 74.6 | G32: 5 | H32: 50 | I32: No | J32: 0.027662037 | K32: 14.478503 | L32: 43.872298 | M32: 1.11 | N32: 204 | O32: 20 | P32: 17 | Q32: 18 | R32: 23.788204 | S32: 38.716368 | T32: 728 | U32: 11.531538 | V32: 12.3548 | W32: 13.381923 | X32: 13.635312 | Y32: 14.154687 | AF32: 2334.0434 | AG32: 2454.8454 | AH32: 2679.5228 | AI32: 2711.4485 | AJ32: 2790.4127 | AQ32: 139.59259 | AR32: 151.92 | AS32: 161.7037 | AT32: 175.8125 | AU32: 183.38235 | BB32: 0.18637341 | BC32: 0.42767957 | BD32: 0.42998762 | BE32: 0.39916398 | BF32: 0.40248031 | BG32: 0.92624159 | BH32: 0.92991067 | BI32: 0.27428872 | BJ32: 0.27115064 | BK32: 0.82492387 | BM32: 20 | BN32: 4.6 | BO32: 11.745616 | BP32: 12.290883 | BQ32: 13.315373 | BR32: 13.624674 | BS32: 14.153097 | BZ32: 10 | CA32: 11 | CB32: 12 | CC32: 14 | CD32: 15 | CE32: 16 | CF32: 18 | CG32: 19 | CH32: 20
B33: P031 | C33: Male | D33: 40 | E33: 1.827 | F33: 69 | G33: 6 | H33: 75 | I33: No | J33: 0.026041667 | K33: 14.289507 | L33: 59.838554 | M33: 0.84 | N33: 175 | O33: 20 | P33: 17 | Q33: 17 | R33: 22.424158 | S33: 36.587116 | T33: 722.00146 | U33: 12.675185 | V33: 13.192333 | W33: 14.255313 | X33: 14.796857 | Y33: 15.691892 | AF33: 2614.9379 | AG33: 2726.2827 | AH33: 2952.6785 | AI33: 3060.1495 | AJ33: 3238.0027 | AQ33: 116.73333 | AR33: 129.25 | AS33: 140.17647 | AT33: 148.35135 | AU33: 155.97368 | BB33: 0.17999711 | BC33: 0.44308305 | BD33: 0.44561809 | BE33: 0.4124592 | BF33: 0.40853738 | BG33: 0.96021579 | BH33: 0.96224583 | BI33: 0.31285489 | BJ33: 0.30839896 | BK33: 0.86576919 | BL33: 0.019548611 | BM33: 19 | BN33: 7.8 | BO33: 12.929839 | BP33: 13.499067 | BQ33: 14.577968 | BR33: 15.117075 | BS33: 16.045566 | BZ33: 7 | CA33: 8 | CB33: 12 | CC33: 13 | CD33: 15 | CE33: 17 | CF33: 18 | CG33: 20
B34: P032 | C34: Male | D34: 27 | E34: 1.812 | F34: 72 | G34: 4 | H34: 25 | I34: No | J34: 0.032638889 | K34: 13.293228 | L34: 48.293394 | M34: 1.06 | N34: 198 | O34: 20 | P34: 15 | Q34: 16 | R34: 23.517597 | S34: 36.558483 | T34: 726 | U34: 12.6915 | V34: 13.727143 | W34: 14.025185 | X34: 15.1228 | AF34: 2556.2066 | AG34: 2755.0145 | AH34: 2811.2231 | AI34: 3021.9993 | AQ34: 148.85714 | AR34: 166.47826 | AS34: 170.96296 | AT34: 181 | BB34: 0.18206772 | BC34: 0.43670143 | BD34: 0.43273021 | BE34: 0.42249292 | BF34: 0.41990993 | BG34: 0.96713371 | BH34: 0.95943005 | BI34: 0.2863461 | BJ34: 0.28636185 | BK34: 0.84871812 | BL34: 0.012847222 | BM34: 20 | BN34: 8.7 | BO34: 12.823613 | BP34: 13.788158 | BQ34: 14.105903 | BR34: 15.165264 | BZ34: 10 | CA34: 12 | CB34: 13 | CC34: 15 | CD34: 16 | CE34: 18 | CF34: 20
B35: P033 | C35: Male | D35: 31 | E35: 1.749 | F35: 63.4 | G35: 8 | H35: 90 | I35: Shin ankle pain due to partially collapsed arch in April 2019 | J35: 0.021678241 | K35: 17.113966 | L35: 54.298318 | M35: 1.04 | N35: 190 | O35: 20 | P35: 20 | Q35: 21 | R35: 20.657376 | S35: 28.443486 | T35: 750.91239 | U35: 10.125185 | V35: 10.6336 | W35: 11.394 | X35: 12.459687 | Y35: 12.898125 | Z35: 13.916061 | AA35: 14.355833 | AB35: 15.08725 | AF35: 2056.601 | AG35: 2152.8099 | AH35: 2283.4432 | AI35: 2475.9697 | AJ35: 2583.6199 | AK35: 2798.2594 | AL35: 2869.2792 | AM35: 2985.5536 | AQ35: 111.55172 | AR35: 117.62963 | AS35: 126.06452 | AT35: 134.23529 | AU35: 145.67647 | AV35: 154.02857 | AW35: 161.82051 | AX35: 169.7619 | BB35: 0.16864703 | BC35: 0.42223395 | BD35: 0.43812945 | BE35: 0.41491927 | BF35: 0.41186783 | BG35: 0.93240798 | BH35: 0.94455057 | BI35: 0.28158265 | BJ35: 0.28643999 | BK35: 0.81052073 | BL35: 0.024837963 | BM35: 20 | BN35: 7.2 | BO35: 10.21365 | BP35: 10.828108 | BQ35: 11.478178 | BR35: 12.505353 | BS35: 13.040489 | BT35: 14.048012 | BU35: 14.377458 | BV35: 15.047409 | BZ35: 7 | CA35: 8 | CB35: 9 | CC35: 10 | CD35: 11 | CE35: 13 | CF35: 15 | CG35: 16 | CH35: 18 | CI35: 19 | CJ35: 20 | CK35: 20
B36: P034 | C36: Male | D36: 23 | E36: 1.819 | F36: 70 | G36: 3 | H36: 20 | I36: No | J36: 0.031944444 | K36: 13.903149 | L36: 42.711824 | M36: 1.61 | N36: 185 | O36: 19 | P36: 16 | Q36: 16 | R36: 23.781942 | S36: 40.061871 | T36: 751 | U36: 11.597778 | V36: 12.071373 | W36: 12.249273 | X36: 13.145172 | AF36: 2349.8259 | AG36: 2414.5716 | AH36: 2425.7234 | AI36: 2572.5075 | AQ36: 140.2449 | AR36: 154.07547 | AS36: 164.01724 | AT36: 170.35 | BB36: 0.16911066 | BC36: 0.47549443 | BD36: 0.47613511 | BE36: 0.4355981 | BF36: 0.43068782 | BG36: 1.0080543 | BH36: 1.0023366 | BI36: 0.27681681 | BJ36: 0.27601483 | BK36: 0.81380458 | BL36: 0.0075925926 | BM36: 19 | BN36: 10.3 | BO36: 11.737838 | BP36: 12.12756 | BQ36: 12.242116 | BR36: 13.065708 | BZ36: 9 | CA36: 12 | CB36: 13 | CC36: 14 | CD36: 15 | CE36: 18 | CF36: 19
B37: P035 | C37: Male | D37: 46 | E37: 1.785 | F37: 80.2 | G37: 4 | H37: 40 | I37: No | J37: 0.029166667 | K37: 14.113607 | L37: 46.064998 | M37: 1.16 | N37: 165 | O37: 18 | P37: 16 | Q37: 16 | R37: 22.409047 | S37: 35.737354 | T37: 734.00195 | U37: 12.186316 | V37: 13.5045 | W37: 14.434545 | X37: 15.919167 | Y37: 17.407037 | AF37: 2440.3187 | AG37: 2702.0013 | AH37: 2869.7297 | AI37: 3151.373 | AJ37: 3435.7957 | AQ37: 115.1 | AR37: 125.66667 | AS37: 133.16667 | AT37: 140.65385 | AU37: 148.7931 | BB37: 0.1929931 | BC37: 0.42679636 | BD37: 0.4249694 | BE37: 0.42014002 | BF37: 0.42164803 | BG37: 0.95074955 | BH37: 0.95084801 | BI37: 0.30533763 | BJ37: 0.3020367 | BK37: 0.83420122 | BL37: 0.010324074 | BM37: 19 | BN37: 7.2 | BO37: 12.27297 | BP37: 13.548693 | BQ37: 14.452442 | BR37: 15.904489 | BS37: 17.365211 | BZ37: 10 | CA37: 11 | CB37: 12 | CC37: 13 | CD37: 15 | CE37: 17 | CF37: 18 | CG37: 20
B38: P036 | C38: Male | D38: 18 | E38: 1.827 | F38: 75.6 | G38: 3 | H38: 10 | I38: No | J38: 0.032638889 | K38: 12.967262 | L38: 41.221505 | M38: 1.52 | N38: 204 | O38: 19 | P38: 15 | Q38: 15 | R38: 21.844506 | S38: 33.988933 | T38: 743 | U38: 12.84 | V38: 13.481026 | W38: 14.060238 | AF38: 2574.534 | AG38: 2690.4478 | AH38: 2784.3182 | AQ38: 154.94737 | AR38: 170.04762 | AS38: 180.62222 | BB38: 0.17173579 | BC38: 0.4598511 | BD38: 0.4622658 | BE38: 0.44475017 | BF38: 0.44654862 | BG38: 1.0062855 | BH38: 1.0098091 | BI38: 0.27851925 | BJ38: 0.27666953 | BK38: 0.81895273 | BL38: 0.012789352 | BM38: 20 | BN38: 7.9 | BO38: 12.910268 | BP38: 13.499253 | BQ38: 14.025059 | BZ38: 10 | CA38: 11 | CB38: 11 | CC38: 13 | CD38: 15 | CE38: 19
B39: P037 | C39: Male | D39: 32 | E39: 1.813 | F39: 67.7 | G39: 4 | H39: 45 | I39: No | J39: 0.025694444 | K39: 14.85902 | L39: 52.453901 | M39: 1.39 | N39: 174 | O39: 19 | P39: 17 | Q39: 18 | R39: 21.558504 | S39: 28.717323 | T39: 744.89213 | U39: 11.2392 | V39: 11.063846 | W39: 12.337368 | X39: 12.2288 | Y39: 13.276667 | AF39: 2260.8006 | AG39: 2212.7554 | AH39: 2459.7577 | AI39: 2421.6207 | AJ39: 2623.5358 | AQ39: 125.62963 | AR39: 129.07143 | AS39: 136.47368 | AT39: 143.55556 | AU39: 150.67857 | BB39: 0.18269206 | BC39: 0.434631 | BD39: 0.4407167 | BE39: 0.40495989 | BF39: 0.39872294 | BG39: 0.93044989 | BH39: 0.93479699 | BI39: 0.28811998 | BJ39: 0.29331308 | BK39: 0.88037656 | BL39: 0.016134259 | BM39: 19 | BN39: 3.9 | BO39: 11.207698 | BP39: 11.091672 | BQ39: 12.412376 | BR39: 12.181686 | BS39: 13.252187 | BZ39: 8 | CA39: 10 | CB39: 12 | CC39: 13 | CD39: 14 | CE39: 15 | CF39: 16 | CG39: 18 | CH39: 19
B40: P038 | C40: Female | D40: 26 | E40: 1.76 | F40: 71.6 | G40: 5 | H40: 30 | J40: 0.035416667 | K40: 12.569652 | L40: 39.839954 | M40: 1.2 | N40: 189 | O40: 20 | P40: 14 | Q40: 15 | R40: 22.328676 | S40: 45.532169 | T40: 748 | U40: 10.842143 | V40: 12.026667 | W40: 13.075625 | AF40: 2236.8869 | AG40: 2449.9209 | AH40: 2641.956 | AQ40: 142.13793 | AR40: 158.0625 | AS40: 172.4 | BB40: 0.15899419 | BC40: 0.44845066 | BD40: 0.45223362 | BE40: 0.40071843 | BF40: 0.40422501 | BG40: 0.95328065 | BH40: 0.95455221 | BI40: 0.2648309 | BJ40: 0.26537715 | BK40: 0.80608357 | BL40: 0.0099884259 | BM40: 20 | BN40: 8.9 | BO40: 11.039431 | BP40: 12.189883 | BQ40: 13.198536 | BZ40: 11 | CA40: 12 | CB40: 13 | CC40: 16 | CD40: 17 | CE40: 20
B41: P039 | C41: Male | D41: 42 | E41: 1.78 | F41: 79 | G41: 3 | H41: 35 | I41: No | J41: 0.028819444 | K41: 14.114516 | L41: 42.199161 | M41: 1.14 | N41: 187 | O41: 20 | P41: 16 | Q41: 17 | R41: 21.038221 | S41: 40.093815 | T41: 727.12092 | U41: 11.465217 | V41: 12.3816 | W41: 12.771935 | X41: 13.988788 | Y41: 16.075714 | AF41: 2314.693 | AG41: 2487.3306 | AH41: 2559.1779 | AI41: 2792.9152 | AJ41: 3194.908 | AQ41: 126.42308 | AR41: 137.25926 | AS41: 148.94118 | AT41: 160.69444 | AU41: 169.88889 | BB41: 0.18131328 | BC41: 0.42535328 | BD41: 0.42773091 | BE41: 0.40692051 | BF41: 0.40165881 | BG41: 0.93735281 | BH41: 0.93969169 | BI41: 0.27638024 | BJ41: 0.2783476 | BK41: 0.84147775 | BL41: 0.014907407 | BM41: 20 | BN41: 9.2 | BO41: 11.56799 | BP41: 12.457192 | BQ41: 12.837213 | BR41: 14.044681 | BS41: 16.096478 | BZ41: 10 | CA41: 11 | CB41: 13 | CC41: 14 | CD41: 15 | CE41: 17 | CF41: 19 | CG41: 20
B42: P040 | C42: Female | D42: 43 | E42: 1.7 | F42: 62 | G42: 4 | H42: 45 | I42: No | J42: 0.034722222 | K42: 11.882549 | L42: 35.760203 | M42: 1.07 | N42: 172 | O42: 20 | P42: 13 | Q42: 14 | R42: 22.523777 | S42: 35.973834 | T42: 720 | U42: 9.1960606 | V42: 10.070857 | AF42: 1848.1075 | AG42: 2031.1396 | AQ42: 141.25 | AR42: 152.43243 | BB42: 0.17304222 | BC42: 0.43662199 | BD42: 0.44049651 | BE42: 0.40739105 | BF42: 0.41051124 | BG42: 0.93278145 | BH42: 0.93831147 | BI42: 0.26780404 | BJ42: 0.26694911 | BK42: 0.76445354 | BM42: 17 | BO42: 9.2454229 | BP42: 10.164728 | BZ42: 9 | CA42: 12 | CB42: 14 | CC42: 18 | CD42: 20
B43: P041 | C43: Male | D43: 43 | E43: 1.74 | F43: 84.7 | G43: 3 | H43: 25 | I43: No | J43: 0.028009259 | K43: 13.895193 | L43: 39.23085 | M43: 1.05 | N43: 193 | O43: 19 | P43: 16 | Q43: 17 | R43: 18.462575 | S43: 35.235778 | T43: 720.02545 | U43: 11.391154 | V43: 12.266667 | W43: 13.467333 | X43: 14.545455 | AF43: 2314.5222 | AG43: 2469.6681 | AH43: 2705.3242 | AI43: 2904.6365 | AQ43: 135.51852 | AR43: 147.32258 | AS43: 158.06061 | AT43: 166.11429 | BB43: 0.18628329 | BC43: 0.42927921 | BD43: 0.42908106 | BE43: 0.39429367 | BF43: 0.39235285 | BG43: 0.91349094 | BH43: 0.91515165 | BI43: 0.26677723 | BJ43: 0.26146802 | BK43: 0.8256787 | BL43: 0.012939815 | BM43: 19 | BN43: 10.3 | BO43: 11.5552 | BP43: 12.37468 | BQ43: 13.536036 | BR43: 14.596262 | BZ43: 10 | CA43: 11 | CB43: 12 | CC43: 13 | CD43: 13 | CE43: 15 | CF43: 18 | CG43: 19
B44: P042 | C44: Male | D44: 19 | E44: 1.838 | F44: 65.8 | G44: 6 | H44: 65 | I44: No | J44: 0.027083333 | K44: 15.421381 | L44: 69.233473 | O44: 20 | P44: 18 | Q44: 19 | R44: 23.290761 | S44: 48.99662 | T44: 752 | U44: 11.781818 | V44: 13.209615 | W44: 13.757037 | X44: 14.893929 | Y44: 16.091 | Z44: 17.822258 | AF44: 2503.0892 | AG44: 2796.983 | AH44: 2896.5424 | AI44: 3131.3478 | AJ44: 3377.7952 | AK44: 3713.2079 | BB44: 0.16343193 | BC44: 0.45436354 | BD44: 0.46237714 | BE44: 0.41819376 | BF44: 0.40785571 | BG44: 0.97641952 | BH44: 0.97252921 | BI44: 0.275039 | BJ44: 0.27634344 | BK44: 0.86352563 | BM44: 19 | BN44: 6.4 | BO44: 12.142571 | BP44: 13.611358 | BQ44: 14.257301 | BR44: 15.277814 | BS44: 16.592603 | BT44: 18.269932 | BZ44: 9 | CA44: 9 | CB44: 11 | CC44: 12 | CD44: 13 | CE44: 14 | CF44: 15 | CG44: 16 | CH44: 18 | CI44: 20
B45: P043 | C45: Female | D45: 31 | E45: 1.722 | F45: 57.7 | G45: 5 | H45: 50 | I45: No | J45: 0.027777778 | K45: 14.107503 | L45: 55.95851 | N45: 182 | O45: 20 | P45: 16 | Q45: 17 | R45: 23.31816 | S45: 61.1632 | T45: 744 | U45: 9.777037 | V45: 10.736667 | X45: 13.337857 | Y45: 14.766471 | AF45: 2008.3885 | AG45: 2197.7462 | AI45: 2716.0609 | AJ45: 2990.1644 | AQ45: 120.82759 | AR45: 132.9 | AT45: 158.09677 | AU45: 166.94595 | BB45: 0.1606563 | BC45: 0.44660629 | BD45: 0.4483724 | BE45: 0.4086316 | BF45: 0.40162961 | BG45: 0.94824814 | BH45: 0.94832105 | BI45: 0.26463678 | BJ45: 0.26330571 | BK45: 0.77371541 | BL45: 0.011111111 | BM45: 20 | BN45: 8.5 | BO45: 9.9635752 | BP45: 10.946984 | BR45: 13.545047 | BS45: 14.924407 | BZ45: 8 | CA45: 10 | CB45: 12 | CC45: 13 | CD45: 14 | CE45: 16 | CF45: 19 | CG45: 20
B46: P044 | C46: Male | D46: 29 | E46: 1.845 | F46: 70.6 | G46: 5 | H46: 50 | I46: shin splints july 2021 for 1 week | J46: 0.025 | K46: 15.215841 | L46: 63.082617 | N46: 186 | O46: 20 | P46: 18 | Q46: 18 | R46: 22.293266 | S46: 61.82481 | T46: 743 | U46: 13.190833 | V46: 13.351875 | W46: 14.631579 | X46: 16.973243 | Y46: 17.057632 | Z46: 18.532927 | AF46: 2727.3158 | AG46: 2740.7784 | AH46: 3001.5152 | AI46: 3505.5044 | AJ46: 3509.3679 | AK46: 3793.0906 | AQ46: 130.86486 | AR46: 139.75758 | AS46: 149.92308 | AT46: 157.84211 | AU46: 164.875 | AV46: 169.7907 | BB46: 0.16712772 | BC46: 0.45866756 | BD46: 0.46974681 | BE46: 0.4555968 | BF46: 0.44221459 | BG46: 1.0120895 | BH46: 1.010287 | BI46: 0.28555144 | BJ46: 0.28159993 | BK46: 0.83381178 | BL46: 0.01244213 | BM46: 19 | BN46: 6.3 | BO46: 13.445756 | BP46: 13.641615 | BQ46: 14.850182 | BR46: 17.266495 | BS46: 17.380216 | BT46: 18.808382 | BZ46: 9 | CA46: 10 | CB46: 11 | CC46: 13 | CD46: 14 | CE46: 15 | CF46: 16 | CG46: 18 | CH46: 20
B47: P045 | C47: Male | D47: 20 | E47: 1.818 | F47: 77 | G47: 3 | H47: 15 | I47: No | J47: 0.033333333 | K47: 13.601512 | L47: 49.878915 | N47: 207 | O47: 20 | P47: 16 | Q47: 17 | R47: 21.886898 | S47: 51.320212 | T47: 749 | U47: 13.044688 | V47: 13.929167 | W47: 15.156585 | X47: 16.223488 | AF47: 2665.2524 | AG47: 2853.0016 | AH47: 3099.9017 | AI47: 3283.6638 | AQ47: 148.73529 | AR47: 168.4 | AS47: 178.32558 | AT47: 188 | BB47: 0.17363576 | BC47: 0.4436188 | BD47: 0.4447345 | BE47: 0.42572517 | BF47: 0.43654934 | BG47: 0.99373989 | BH47: 0.99954098 | BI47: 0.29292397 | BJ47: 0.29533299 | BK47: 0.82135956 | BO47: 13.241701 | BP47: 14.164457 | BQ47: 15.370605 | BR47: 16.389621 | BZ47: 9 | CA47: 11 | CB47: 12 | CC47: 13 | CD47: 15 | CE47: 17 | CF47: 19 | CG47: 20
B48: P046 | C48: Female | D48: 24 | E48: 1.634 | F48: 52.3 | G48: 6 | H48: 100 | I48: No | J48: 0.026319444 | K48: 14.630643 | L48: 55.689267 | N48: 188 | O48: 13 | P48: 17 | Q48: 17 | R48: 23.318527 | S48: 37.537658 | T48: 734 | U48: 10.234706 | V48: 10.872162 | W48: 11.236571 | X48: 11.557872 | Y48: 12.581957 | AF48: 2083.9132 | AG48: 2221.1891 | AH48: 2298.8744 | AI48: 2341.3697 | AJ48: 2552.4041 | AQ48: 138.83333 | AR48: 146.975 | AS48: 154.34211 | AT48: 161.77083 | AU48: 169.78 | BB48: 0.16096077 | BC48: 0.40015003 | BD48: 0.40379139 | BE48: 0.37155175 | BF48: 0.37333454 | BG48: 0.86717062 | BH48: 0.87420298 | BI48: 0.26598847 | BJ48: 0.26703851 | BK48: 0.7633132 | BL48: 0.016006944 | BM48: 17 | BN48: 5.2 | BO48: 10.404605 | BP48: 11.035606 | BQ48: 11.384702 | BR48: 11.681401 | BS48: 12.725634 | BZ48: 7 | CA48: 7 | CB48: 7 | CC48: 8 | CD48: 9 | CE48: 11 | CF48: 11 | CG48: 13
B49: P047 | C49: Male | D49: 21 | E49: 1.813 | F49: 69.6 | G49: 5 | H49: 40 | I49: No | J49: 0.026041667 | K49: 14.51972 | L49: 62.469055 | N49: 184 | O49: 20 | P49: 17 | Q49: 18 | R49: 21.728964 | S49: 37.466667 | T49: 736 | U49: 13.873793 | V49: 15.095625 | W49: 17.089118 | X49: 17.356364 | Y49: 18.112895 | AF49: 2836.0171 | AG49: 3074.1939 | AH49: 3477.2815 | AI49: 3503.3302 | AJ49: 3657.7536 | AQ49: 140.35484 | AR49: 149.2 | AS49: 155.55556 | AT49: 158.91667 | AU49: 165.61538 | BB49: 0.17793766 | BC49: 0.44535593 | BD49: 0.44678574 | BE49: 0.41077899 | BF49: 0.40665159 | BG49: 0.9518835 | BH49: 0.95299783 | BI49: 0.28400641 | BJ49: 0.28855149 | BK49: 0.86055933 | BL49: 0.01400463 | BM49: 20 | BN49: 6.3 | BO49: 14.054873 | BP49: 15.352761 | BQ49: 17.310077 | BR49: 17.479619 | BS49: 18.257265 | BZ49: 10 | CA49: 12 | CB49: 13 | CC49: 14 | CD49: 15 | CE49: 16 | CF49: 17 | CG49: 18 | CH49: 20
B50: P048 | C50: Female | D50: 21 | E50: 1.691 | F50: 57.5 | G50: 6 | H50: 40 | I50: Shins and tight calves but not recently | J50: 0.03125 | K50: 12.562379 | L50: 44.261426 | N50: 187 | O50: 20 | P50: 14 | Q50: 15 | R50: 20.018174 | S50: 34.286822 | T50: 756.92765 | U50: 9.1554167 | V50: 9.9082353 | W50: 10.517222 | AF50: 1889.6226 | AG50: 2021.2684 | AH50: 2116.3545 | AQ50: 160.44444 | AR50: 168.13889 | AS50: 174.57895 | BB50: 0.16304181 | BC50: 0.42779476 | BD50: 0.435288 | BE50: 0.4122608 | BF50: 0.40192466 | BG50: 0.93127355 | BH50: 0.93602138 | BI50: 0.26132881 | BJ50: 0.25973832 | BK50: 0.75735254 | BL50: 0.0080439815 | BM50: 20 | BN50: 6.1 | BO50: 9.4058764 | BP50: 10.036026 | BQ50: 10.618995 | BZ50: 7 | CA50: 8 | CB50: 10 | CC50: 13 | CD50: 16 | CE50: 20
B51: P049 | C51: Female | D51: 26 | E51: 1.637 | F51: 55.1 | G51: 4 | H51: 40 | I51: No | J51: 0.029166667 | K51: 13.745179 | L51: 56.927984 | N51: 189 | O51: 19 | P51: 16 | Q51: 16 | R51: 21.19417 | S51: 34.896433 | T51: 757 | U51: 10.827308 | V51: 11.845484 | W51: 12.702059 | X51: 13.059459 | AF51: 2222.719 | AG51: 2398.5377 | AH51: 2588.9793 | AI51: 2629.2674 | AQ51: 146.10714 | AR51: 158.34375 | AS51: 165.05714 | AT51: 172.89189 | BB51: 0.16730558 | BC51: 0.41244619 | BD51: 0.40631744 | BE51: 0.37687876 | BF51: 0.37991351 | BG51: 0.88451984 | BH51: 0.88456532 | BI51: 0.25832166 | BJ51: 0.25826581 | BK51: 0.75245742 | BL51: 0.014375 | BM51: 20 | BN51: 8.8 | BO51: 11.119758 | BP51: 11.935627 | BQ51: 12.896117 | BR51: 13.163902 | BZ51: 9 | CA51: 11 | CB51: 12 | CC51: 13 | CD51: 15 | CE51: 17 | CF51: 19
B52: P050 | C52: Male | D52: 36 | E52: 1.759 | F52: 66.5 | G52: 4 | H52: 45 | I52: Minor calf injuries (not off for an entire week in a year though) | J52: 0.027546296 | K52: 14.352753 | L52: 58.284966 | N52: 182 | O52: 20 | P52: 17 | Q52: 17 | R52: 19.667935 | S52: 39.116774 | T52: 757 | U52: 12.886061 | V52: 14.012424 | W52: 14.826111 | X52: 16.098611 | Y52: 17.086486 | AF52: 2587.1859 | AG52: 2816.3292 | AH52: 2970.4499 | AI52: 3222.6999 | AJ52: 3395.8006 | AQ52: 126.94286 | AR52: 139.85714 | AS52: 152.83784 | AT52: 161.10811 | AU52: 168.61538 | BB52: 0.17128115 | BC52: 0.44797665 | BD52: 0.44213126 | BE52: 0.41281194 | BF52: 0.41714537 | BG52: 0.95410687 | BH52: 0.94964227 | BI52: 0.29013011 | BJ52: 0.28815236 | BK52: 0.80712543 | BL52: 0.011296296 | BM52: 20 | BN52: 11.1 | BO52: 12.888993 | BP52: 14.124922 | BQ52: 14.930141 | BR52: 16.109153 | BS52: 17.101443 | BZ52: 8 | CA52: 11 | CB52: 12 | CC52: 13 | CD52: 14 | CE52: 15 | CF52: 17 | CG52: 20
B53: P051 | C53: Female | D53: 35 | E53: 1.751 | F53: 68.7 | G53: 4 | H53: 35 | I53: No | J53: 0.033333333 | K53: 12.4589 | L53: 46.846506 | N53: 180 | O53: 20 | P53: 14 | Q53: 15 | R53: 21.692072 | S53: 35.105708 | T53: 753 | U53: 11.389259 | V53: 12.908889 | W53: 14.02871 | AF53: 2341.6612 | AG53: 2612.1796 | AH53: 2830.8651 | AQ53: 146.31034 | AR53: 156.82143 | AS53: 163.75 | BB53: 0.18275315 | BC53: 0.42300596 | BD53: 0.43116644 | BE53: 0.40109461 | BF53: 0.39769493 | BG53: 0.92757082 | BH53: 0.93473925 | BI53: 0.26431496 | BJ53: 0.25909802 | BK53: 0.81984496 | BL53: 0.0092361111 | BM53: 20 | BN53: 5.4 | BO53: 11.642161 | BP53: 13.03053 | BQ53: 14.110968 | BZ53: 9 | CA53: 11 | CB53: 12 | CC53: 15 | CD53: 19 | CE53: 20
B54: P052 | C54: Female | D54: 24 | E54: 1.746 | F54: 61.7 | G54: 6 | H54: 100 | I54: No | J54: 0.026388889 | K54: 14.896291 | L54: 53.516421 | N54: 189 | O54: 20 | P54: 17 | Q54: 18 | R54: 22.242857 | S54: 44.124636 | T54: 753 | U54: 9.7591304 | V54: 10.669091 | W54: 11.489615 | X54: 12.527083 | Y54: 13.668889 | AF54: 1987.9873 | AG54: 2123.3188 | AH54: 2320.1706 | AI54: 2536.6915 | AJ54: 2738.301 | AQ54: 122.41667 | AR54: 136.04167 | AS54: 145.14815 | AT54: 151.46154 | AU54: 161.53333 | BB54: 0.16748446 | BC54: 0.4225081 | BD54: 0.42825814 | BE54: 0.41723892 | BF54: 0.40947158 | BG54: 0.929162 | BH54: 0.93197997 | BI54: 0.25003927 | BJ54: 0.25148104 | BK54: 0.81542901 | BL54: 0.0090972222 | BM54: 18 | BN54: 7.1 | BO54: 9.9015145 | BP54: 10.695143 | BQ54: 11.524729 | BR54: 12.614241 | BS54: 13.754926 | BZ54: 7 | CA54: 8 | CB54: 9 | CC54: 10 | CD54: 12 | CE54: 14 | CF54: 16 | CG54: 18 | CH54: 20
B55: P053 | C55: Male | D55: 38 | E55: 1.835 | F55: 85.6 | G55: 6 | H55: 75 | I55: No | J55: 0.02443287 | K55: 14.790541 | L55: 48.999005 | N55: 168 | O55: 17 | P55: 17 | Q55: 18 | R55: 21.155498 | S55: 45.070579 | T55: 753.78158 | U55: 12.479565 | V55: 13.942273 | W55: 15.519545 | X55: 16.355385 | Y55: 17.303462 | AF55: 2532.9805 | AG55: 2809.2605 | AH55: 3118.2667 | AI55: 3279.2471 | AJ55: 3463.2587 | AQ55: 112.6087 | AR55: 119.47826 | AS55: 128.58333 | AT55: 137.48148 | AU55: 144.53571 | BB55: 0.16597223 | BC55: 0.44918581 | BD55: 0.4480201 | BE55: 0.42521449 | BF55: 0.43038847 | BG55: 0.97527441 | BH55: 0.97672467 | BI55: 0.29862579 | BJ55: 0.29707015 | BK55: 0.85900046 | BM55: 16 | BN55: 3.8 | BO55: 12.621494 | BP55: 14.081292 | BQ55: 15.607296 | BR55: 16.444333 | BS55: 17.399667 | BZ55: 7 | CA55: 8 | CB55: 8 | CC55: 8 | CD55: 9 | CE55: 11 | CF55: 12 | CG55: 14 | CH55: 17
B56: P054 | C56: Male | D56: 37 | E56: 1.684 | F56: 69.4 | G56: 2 | H56: 12 | I56: No | J56: 0.026388889 | K56: 14.573908 | L56: 60.557954 | N56: 189 | O56: 20 | P56: 17 | Q56: 18 | R56: 21.041373 | S56: 41.883501 | T56: 756.00378 | U56: 12.936364 | V56: 13.071111 | W56: 14.605862 | X56: 15.860938 | Y56: 16.510571 | AF56: 2604.41 | AG56: 2626.2873 | AH56: 2940.6735 | AI56: 3179.4935 | AJ56: 3297.5673 | AQ56: 126.66667 | AR56: 143.53571 | AS56: 153.33333 | AT56: 161.24242 | AU56: 167.22222 | BB56: 0.16449976 | BC56: 0.40999034 | BD56: 0.40788403 | BE56: 0.38836761 | BF56: 0.38486191 | BG56: 0.89151952 | BH56: 0.88515628 | BI56: 0.27645927 | BJ56: 0.28355597 | BK56: 0.7956621 | BL56: 0.025740741 | BM56: 20 | BN56: 9.3 | BO56: 13.013753 | BP56: 13.145575 | BQ56: 14.670909 | BR56: 16.050857 | BS56: 16.600437 | BZ56: 9 | CA56: 10 | CB56: 11 | CC56: 12 | CD56: 13 | CE56: 13 | CF56: 14 | CG56: 19 | CH56: 20
B57: P055 | C57: Female | D57: 42 | E57: 1.68 | F57: 55 | G57: 5 | H57: 56 | I57: No | J57: 0.035925926 | K57: 11.919779 | L57: 46.640407 | N57: 191 | O57: 20 | P57: 13 | Q57: 14 | R57: 22.398761 | S57: 41.510533 | T57: 752 | U57: 9.3479167 | V57: 10.544815 | AF57: 1886.4771 | AG57: 2118.376 | AQ57: 105.80769 | AR57: 131.35714 | BB57: 0.16540533 | BC57: 0.42204315 | BD57: 0.41617399 | BE57: 0.39397242 | BF57: 0.40103493 | BG57: 0.90932807 | BH57: 0.90859625 | BI57: 0.25428641 | BJ57: 0.2541028 | BK57: 0.77103784 | BL57: 0.0098148148 | BM57: 19 | BN57: 6.4 | BO57: 9.4297165 | BP57: 10.652655 | BZ57: 8 | CA57: 10 | CB57: 13 | CC57: 16 | CD57: 20
B58: P056 | C58: Male | D58: 20 | E58: 1.781 | F58: 69.8 | G58: 3 | H58: 25 | I58: No | J58: 0.022685185 | K58: 16.570698 | L58: 56.943761 | N58: 197 | O58: 20 | P58: 19 | Q58: 20 | R58: 21.498646 | S58: 42.91324 | T58: 751 | U58: 12.095 | V58: 12.475 | W58: 14.000741 | X58: 14.607931 | Y58: 15.950968 | Z58: 16.559706 | AA58: 18.035429 | AF58: 2463.9311 | AG58: 2507.3322 | AH58: 2807.5599 | AI58: 2919.9506 | AJ58: 3163.12 | AK58: 3278.7624 | AL58: 3558.9305 | AQ58: 111.52 | AR58: 119.77778 | AS58: 129.44828 | AT58: 134.71875 | AU58: 147.03125 | AV58: 156.34286 | AW58: 165.86111 | BB58: 0.16836634 | BC58: 0.42979598 | BD58: 0.42920709 | BE58: 0.41937704 | BF58: 0.41924733 | BG58: 0.95211706 | BH58: 0.94908188 | BI58: 0.27044034 | BJ58: 0.2699009 | BK58: 0.83040053 | BL58: 0.019085648 | BM58: 19 | BN58: 3.5 | BO58: 12.2914 | BP58: 12.536734 | BQ58: 14.109112 | BR58: 14.812924 | BS58: 15.980142 | BT58: 16.546895 | BU58: 17.975775 | BZ58: 8 | CA58: 9 | CB58: 10 | CC58: 10 | CD58: 12 | CE58: 13 | CF58: 15 | CG58: 17 | CH58: 18 | CI58: 19 | CJ58: 20
B59: P057 | C59: Female | D59: 22 | E59: 1.702 | F59: 65.7 | G59: 3 | H59: 25 | J59: 0.0375 | K59: 12.449822 | L59: 39.208619 | N59: 191 | O59: 20 | P59: 14 | Q59: 15 | R59: 20.424861 | S59: 40.250199 | T59: 755 | U59: 10.900303 | V59: 11.605833 | W59: 12.599189 | AF59: 2190.7322 | AG59: 2332.1861 | AH59: 2502.5961 | AQ59: 150.4 | AR59: 163.05128 | AS59: 172.63158 | BB59: 0.15145411 | BC59: 0.42991752 | BD59: 0.43765349 | BE59: 0.41745713 | BF59: 0.41937444 | BG59: 0.94064144 | BH59: 0.94684035 | BI59: 0.26098364 | BJ59: 0.26229701 | BK59: 0.7582591 | BL59: 0.0089583333 | BM59: 20 | BN59: 10.2 | BO59: 10.95387 | BP59: 11.694755 | BQ59: 12.559129 | BZ59: 8 | CA59: 10 | CB59: 13 | CC59: 16 | CD59: 19 | CE59: 20
B60: P058 | C60: Male | D60: 21 | E60: 1.769 | F60: 79.3 | G60: 5 | H60: 40 | I60: Achilles tear grade 2 in May (6 months ago), fully recovered | J60: 0.027777778 | K60: 14.560194 | L60: 58.257471 | N60: 201 | O60: 20 | P60: 17 | Q60: 18 | R60: 21.900172 | S60: 36.449167 | T60: 755.55026 | U60: 15.687931 | V60: 18.2 | W60: 19.928929 | X60: 20.582581 | Y60: 20.888182 | AF60: 3172.2589 | AG60: 3653.0805 | AH60: 3987.9837 | AI60: 4080.3893 | AJ60: 4122.4061 | AQ60: 133.41935 | AR60: 146.6 | AS60: 156.65517 | AT60: 170.47059 | AU60: 177.68571 | BB60: 0.16593962 | BC60: 0.45362338 | BD60: 0.45542534 | BE60: 0.42457827 | BF60: 0.42130123 | BG60: 0.9782747 | BH60: 0.97735372 | BI60: 0.27642474 | BJ60: 0.27912448 | BK60: 0.79118579 | BL60: 0.013831019 | BM60: 20 | BN60: 12.4 | BO60: 15.865091 | BP60: 18.265341 | BQ60: 20.045446 | BR60: 20.629857 | BS60: 20.907464 | BZ60: 7 | CA60: 9 | CB60: 10 | CC60: 12 | CD60: 13 | CE60: 14 | CF60: 16 | CG60: 18 | CH60: 20
B61: P059 | C61: Male | D61: 41 | E61: 1.791 | F61: 68.8 | G61: 6 | H61: 96 | J61: 0.024282407 | K61: 15.561174 | L61: 69.024145 | N61: 187 | O61: 20 | P61: 18 | Q61: 18 | R61: 22.777381 | S61: 40.62535 | T61: 759.89776 | U61: 13.214 | V61: 13.590909 | W61: 15.217778 | X61: 16.457407 | Y61: 18.87 | Z61: 19.136667 | AF61: 2633.3772 | AG61: 2724.4507 | AH61: 3016.0644 | AI61: 3257.4684 | AJ61: 3726.2341 | AK61: 3789.2619 | AQ61: 132.47059 | AR61: 140.45455 | AS61: 147.36842 | AT61: 156.17857 | AU61: 162.09524 | AV61: 165.86364 | BB61: 0.15641957 | BC61: 0.46370869 | BD61: 0.47198769 | BE61: 0.45409951 | BF61: 0.45148214 | BG61: 1.0206145 | BH61: 1.028397 | BI61: 0.29166924 | BJ61: 0.29448156 | BK61: 0.76649426 | BM61: 20 | BN61: 7.2 | BO61: 13.183678 | BP61: 13.825071 | BQ61: 15.107423 | BR61: 16.342618 | BS61: 18.839055 | BT61: 19.182712 | BZ61: 9 | CA61: 9 | CB61: 12 | CC61: 12 | CD61: 14 | CE61: 16 | CF61: 17 | CG61: 19 | CH61: 20
B62: P060 | C62: Male | D62: 35 | E62: 1.889 | F62: 78.5 | G62: 6 | H62: 95 | I62: MTSS around Feb Match | J62: 0.029513889 | K62: 14.007756 | L62: 48.856196 | N62: 186 | O62: 20 | P62: 16 | Q62: 17 | R62: 22.190051 | S62: 41.2782 | T62: 759 | U62: 12.393448 | V62: 13.701212 | W62: 14.891842 | X62: 15.850513 | Y62: 17.109524 | AF62: 2522.1501 | AG62: 2770.354 | AH62: 2988.5636 | AI62: 3175.9924 | AJ62: 3405.1174 | AQ62: 124.1 | AR62: 141.62857 | AS62: 153.53846 | AT62: 163.19512 | AU62: 172.83721 | BB62: 0.18369335 | BC62: 0.45797755 | BD62: 0.4578936 | BE62: 0.46764255 | BF62: 0.46533652 | BG62: 1.0220984 | BH62: 1.0184256 | BI62: 0.30209565 | BJ62: 0.29749087 | BK62: 0.86873801 | BL62: 0.015150463 | BM62: 20 | BN62: 4.8 | BO62: 12.552644 | BP62: 13.833257 | BQ62: 15.003853 | BR62: 15.897902 | BS62: 17.159167 | BZ62: 10 | CA62: 12 | CB62: 13 | CC62: 14 | CD62: 15 | CE62: 17 | CF62: 19 | CG62: 20
B63: P061 | C63: Male | D63: 35 | E63: 1.889 | F63: 78.5 | G63: 4 | H63: 35 | I63: No | J63: 0.028472222 | K63: 14.65635 | L63: 52.752634 | N63: 186 | O63: 20 | P63: 17 | Q63: 18 | R63: 23.417335 | S63: 37.644966 | T63: 758.99243 | U63: 12.867647 | V63: 13.877 | W63: 15.155909 | X63: 15.96375 | Y63: 17.502667 | AF63: 2592.5087 | AG63: 2790.7425 | AH63: 3032.9104 | AI63: 3171.7554 | AJ63: 3458.4475 | AQ63: 135.26316 | AR63: 141.57143 | AS63: 151.73913 | AT63: 159.24 | AU63: 168.80645 | BB63: 0.1782841 | BC63: 0.44205741 | BD63: 0.43566112 | BE63: 0.43125145 | BF63: 0.43119317 | BG63: 0.97207553 | BH63: 0.96532383 | BI63: 0.28847633 | BJ63: 0.28156102 | BK63: 0.92030032 | BL63: 0.0089583333 | BM63: 20 | BN63: 6.5 | BO63: 12.969641 | BP63: 13.974062 | BQ63: 15.307068 | BR63: 15.948938 | BS63: 17.500257 | BZ63: 10 | CA63: 12 | CB63: 13 | CC63: 15 | CD63: 16 | CE63: 18 | CF63: 19 | CG63: 19 | CH63: 20
B64: P062 | C64: Female | D64: 25 | E64: 1.686 | F64: 54.4 | G64: 6 | H64: 95 | I64: Ankle sprain, on and off problems through last year | J64: 0.025 | K64: 15.46863 | L64: 52.901637 | N64: 193 | O64: 20 | P64: 18 | Q64: 18 | R64: 22.004167 | S64: 36.04933 | T64: 760.00814 | U64: 10.196111 | V64: 10.242051 | W64: 10.866977 | X64: 11.625111 | Y64: 12.312143 | Z64: 12.789787 | AF64: 2106.3256 | AG64: 2099.4623 | AH64: 2212.319 | AI64: 2354.2505 | AJ64: 2484.6473 | AK64: 2556.0395 | AQ64: 125.97368 | AR64: 136.575 | AS64: 148.04545 | AT64: 158.91304 | AU64: 166.44186 | AV64: 174.08163 | BB64: 0.14823353 | BC64: 0.42326121 | BD64: 0.42513923 | BE64: 0.40332216 | BF64: 0.40133025 | BG64: 0.96211474 | BH64: 0.96132371 | BI64: 0.25767414 | BJ64: 0.25930941 | BK64: 0.72428078 | BL64: 0.019467593 | BO64: 10.407637 | BP64: 10.390828 | BQ64: 11.00878 | BR64: 11.798057 | BS64: 12.436807 | BT64: 12.870234 | BZ64: 8 | CA64: 9 | CB64: 10 | CC64: 12 | CD64: 14 | CE64: 16 | CF64: 17 | CG64: 19 | CH64: 20
B65: P063 | C65: Male | D65: 19 | E65: 1.78 | F65: 68.5 | G65: 1 | H65: 5 | I65: No | J65: 0.03099537 | K65: 13.506924 | L65: 52.365029 | N65: 207 | O65: 19 | P65: 16 | Q65: 16 | R65: 22.076463 | S65: 34.675293 | T65: 752 | U65: 13.21037 | V65: 14.020625 | W65: 15.187027 | X65: 15.949737 | AF65: 2650.4441 | AG65: 2840.8634 | AH65: 3050.8072 | AI65: 3188.2051 | AQ65: 155.90323 | AR65: 171.30303 | AS65: 178.39474 | AT65: 185.6 | BB65: 0.18816031 | BC65: 0.46617296 | BD65: 0.46532391 | BE65: 0.4442409 | BF65: 0.43636023 | BG65: 1.0532189 | BH65: 1.0515992 | BI65: 0.29541658 | BJ65: 0.28714038 | BK65: 0.72759095 | BL65: 0.018356481 | BM65: 20 | BN65: 12.3 | BO65: 13.372339 | BP65: 14.200563 | BQ65: 15.327258 | BR65: 15.994874 | BZ65: 10 | CA65: 11 | CB65: 13 | CC65: 15 | CD65: 17 | CE65: 19 | CF65: 19
B66: P064 | C66: Female | D66: 30 | E66: 1.653 | F66: 54.2 | G66: 6 | H66: 56 | I66: No | J66: 0.027083333 | K66: 13.947618 | L66: 52.748127 | N66: 188 | O66: 19 | P66: 16 | Q66: 16 | R66: 20.157122 | S66: 29.489408 | T66: 747.98247 | U66: 10.3056 | V66: 10.496071 | W66: 11.18931 | X66: 11.708929 | AF66: 2102.6322 | AG66: 2124.7136 | AH66: 2264.4945 | AI66: 2364.686 | AQ66: 143.61538 | AR66: 152.46429 | AS66: 159.12903 | AT66: 166.26667 | BB66: 0.14685048 | BC66: 0.43098659 | BD66: 0.43023592 | BE66: 0.39119309 | BF66: 0.39280036 | BG66: 0.96136338 | BH66: 0.96302929 | BI66: 0.25088009 | BJ66: 0.25405536 | BK66: 0.69080367 | BL66: 0.019872685 | BM66: 20 | BN66: 4.8 | BO66: 10.506456 | BP66: 10.594726 | BQ66: 11.307531 | BR66: 11.813491 | BZ66: 11 | CA66: 12 | CB66: 12 | CC66: 14 | CD66: 16 | CE66: 18 | CF66: 19
B67: P065 | C67: Male | D67: 40 | E67: 1.818 | F67: 61.4 | G67: 1 | H67: 5 | I67: No | J67: 0.027777778 | K67: 14.368006 | L67: 54.599138 | N67: 193 | O67: 18 | P67: 17 | Q67: 17 | R67: 21.563862 | S67: 40.173679 | T67: 745.90345 | U67: 12.271852 | V67: 13.287097 | W67: 14.409167 | X67: 15.160789 | Y67: 16.006341 | AF67: 2418.7765 | AG67: 2610.6259 | AH67: 2821.6058 | AI67: 2986.6492 | AJ67: 3109.3024 | AQ67: 143.78571 | AR67: 153.03125 | AS67: 159.05263 | AT67: 168.05128 | AU67: 177.60465 | BB67: 0.1626542 | BC67: 0.45640177 | BD67: 0.45884179 | BE67: 0.42760783 | BF67: 0.43086075 | BG67: 1.0393418 | BH67: 1.0459498 | BI67: 0.27724917 | BJ67: 0.2795352 | BK67: 0.77535421 | BL67: 0.022222222 | BM67: 20 | BN67: 10.7 | BO67: 12.277132 | BP67: 13.224862 | BQ67: 14.345674 | BR67: 15.174656 | BS67: 15.857774 | BZ67: 10 | CA67: 10 | CB67: 12 | CC67: 13 | CD67: 15 | CE67: 15 | CF67: 16 | CG67: 18
B68: P066 | C68: Female | D68: 48 | E68: 1.56 | F68: 59.4 | G68: 3 | H68: 17.5 | I68: No | J68: 0.0375 | K68: 11.790472 | L68: 45.739146 | N68: 184 | O68: 18 | P68: 13 | Q68: 13 | R68: 19.276328 | S68: 43.070439 | T68: 742 | U68: 10.502963 | V68: 11.678571 | AF68: 2052.1279 | AG68: 2261.6297 | AQ68: 146.57143 | AR68: 162.24324 | BB68: 0.17402565 | BC68: 0.3930492 | BD68: 0.39050732 | BE68: 0.36918158 | BF68: 0.37112924 | BG68: 0.90302169 | BH68: 0.90402314 | BI68: 0.25643209 | BJ68: 0.25758925 | BK68: 0.65647758 | BO68: 10.487067 | BP68: 11.537402 | BZ68: 11 | CA68: 12 | CB68: 15 | CC68: 18
B69: P067 | C69: Female | D69: 48 | E69: 1.627 | F69: 62.4 | G69: 3 | H69: 25 | I69: No | J69: 0.039548611 | K69: 11.65791 | L69: 39.748907 | N69: 188 | O69: 19 | P69: 13 | Q69: 13 | R69: 20.280242 | S69: 34.955152 | T69: 736.13455 | U69: 9.902963 | V69: 11.078 | AF69: 1969.8913 | AG69: 2202.5249 | AQ69: 149.44444 | AR69: 160.96875 | BB69: 0.17596864 | BC69: 0.4003383 | BD69: 0.40376827 | BE69: 0.35600842 | BF69: 0.36362969 | BG69: 0.90338256 | BH69: 0.90905957 | BI69: 0.26451765 | BJ69: 0.25993755 | BK69: 0.72077894 | BO69: 9.8922808 | BP69: 11.115987 | BZ69: 11 | CA69: 13 | CB69: 16 | CC69: 19
B70: P068 | C70: Female | D70: 20 | E70: 1.698 | F70: 58.6 | G70: 2 | H70: 7 | I70: No | J70: 0.036006944 | K70: 11.905122 | L70: 45.965538 | N70: 194 | O70: 18 | P70: 13 | Q70: 13 | R70: 23.337611 | S70: 38.083863 | T70: 738 | U70: 11.114231 | V70: 12.2225 | AF70: 2217.5763 | AG70: 2437.1028 | AQ70: 158.2963 | AR70: 171.76667 | BB70: 0.14770081 | BC70: 0.43054335 | BD70: 0.43415676 | BE70: 0.41495539 | BF70: 0.4076388 | BG70: 0.98063644 | BH70: 0.97686603 | BI70: 0.26859502 | BJ70: 0.27075647 | BK70: 0.71924876 | BL70: 0.007337963 | BM70: 20 | BN70: 9.1 | BO70: 11.147474 | BP70: 12.261911 | BZ70: 11 | CA70: 13 | CB70: 15 | CC70: 18
B71: P069 | C71: Female | D71: 40 | E71: 1.796 | F71: 64.9 | G71: 3 | H71: 25 | I71: No | J71: 0.032175926 | K71: 12.448094 | L71: 45.171947 | N71: 183 | O71: 18 | P71: 14 | Q71: 14 | R71: 20.830633 | S71: 31.553829 | T71: 729 | U71: 10.932381 | V71: 12.079583 | W71: 12.840385 | AF71: 2238.0305 | AG71: 2473.0212 | AH71: 2590.1935 | AQ71: 151.31818 | AR71: 163.66667 | AS71: 171.25926 | BB71: 0.18327948 | BC71: 0.46239964 | BD71: 0.46007359 | BE71: 0.40776103 | BF71: 0.41569885 | BG71: 1.0230307 | BH71: 1.0306014 | BI71: 0.27600811 | BJ71: 0.27605 | BK71: 0.76918395 | BL71: 0.01037037 | BM71: 20 | BN71: 5.8 | BO71: 11.093455 | BP71: 12.307494 | BQ71: 12.947414 | BZ71: 10 | CA71: 12 | CB71: 13 | CC71: 15 | CD71: 18
B72: P070 | C72: Female | D72: 22 | E72: 1.658 | F72: 52.7 | G72: 6 | H72: 75 | I72: Ntendon pain on left leg 8 months ago | J72: 0.024652778 | K72: 14.873566 | L72: 54.035726 | N72: 176 | O72: 19 | P72: 17 | Q72: 17 | R72: 21.213337 | S72: 26.946882 | T72: 732.6888 | U72: 8.187931 | V72: 8.767 | W72: 9.2335294 | X72: 10.343421 | Y72: 11.745641 | AF72: 1669.5295 | AG72: 1734.7492 | AH72: 1820.7106 | AI72: 2039.0432 | AJ72: 2310.9627 | AQ72: 112.6875 | AR72: 119.1875 | AS72: 129.74286 | AT72: 138.64103 | AU72: 148.375 | BB72: 0.15634703 | BC72: 0.412879 | BD72: 0.41789566 | BE72: 0.38516076 | BF72: 0.37706166 | BG72: 0.93801766 | BH72: 0.93547347 | BI72: 0.26399979 | BJ72: 0.25969884 | BK72: 0.72125444 | BL72: 0.017060185 | BM72: 19 | BN72: 8 | BO72: 8.0381643 | BP72: 8.7355395 | BQ72: 9.2172263 | BR72: 10.305996 | BS72: 11.697184 | BZ72: 7 | CA72: 9 | CB72: 11 | CC72: 14 | CD72: 14 | CE72: 15 | CF72: 17 | CG72: 19
B73: P071 | C73: Female | D73: 34 | E73: 1.595 | F73: 54 | G73: 6 | H73: 50 | I73: No | J73: 0.030555556 | K73: 13.087596 | L73: 51.906033 | N73: 190 | O73: 20 | P73: 15 | Q73: 15 | R73: 22.757043 | S73: 43.610674 | T73: 753 | U73: 11.835 | V73: 12.25 | W73: 12.663333 | X73: 13.699697 | AF73: 2371.6013 | AG73: 2425.3391 | AH73: 2488.2143 | AI73: 2661.755 | AQ73: 150.61538 | AR73: 163.67742 | AS73: 172.55882 | AT73: 179.79412 | BB73: 0.137015 | BC73: 0.42116055 | BD73: 0.42437461 | BE73: 0.37174847 | BF73: 0.36896128 | BG73: 0.92805202 | BH73: 0.92535097 | BI73: 0.25020432 | BJ73: 0.2503398 | BK73: 0.6682985 | BL73: 0.01037037 | BM73: 20 | BN73: 10.1 | BO73: 11.88685 | BP73: 12.211723 | BQ73: 12.57582 | BR73: 13.556758 | BZ73: 7 | CA73: 10 | CB73: 11 | CC73: 13 | CD73: 17 | CE73: 20
B74: P072 | C74: Male | D74: 28 | E74: 1.765 | F74: 78.3 | G74: 2 | H74: 15 | I74: No | J74: 0.030555556 | K74: 14.525694 | L74: 60.131884 | N74: 187 | O74: 20 | P74: 17 | Q74: 17 | R74: 22.288151 | S74: 43.449977 | T74: 753 | U74: 14.1965 | V74: 15.939333 | W74: 16.599111 | X74: 17.615111 | Y74: 19.347447 | AF74: 2842.494 | AG74: 3176.8918 | AH74: 3314.5614 | AI74: 3511.59 | AJ74: 3816.3368 | AQ74: 113.72727 | AR74: 126.36957 | AS74: 141.51064 | AT74: 154.53191 | AU74: 163.27083 | BB74: 0.16174355 | BC74: 0.43657357 | BD74: 0.4372637 | BE74: 0.40388667 | BF74: 0.40397469 | BG74: 0.98920202 | BH74: 0.98847834 | BI74: 0.28349506 | BJ74: 0.28419388 | BK74: 0.77615982 | BL74: 0.016122685 | BM74: 20 | BN74: 5.6 | BO74: 14.278451 | BP74: 15.93111 | BQ74: 16.676136 | BR74: 17.684529 | BS74: 19.303358 | BZ74: 8 | CA74: 11 | CB74: 12 | CC74: 14 | CD74: 15 | CE74: 17 | CF74: 19 | CG74: 20 | CH74: 20
B75: P073 | C75: Female | D75: 25 | E75: 1.71 | F75: 58.3 | G75: 5 | H75: 30 | I75: No, anaemic until September | J75: 0.034027778 | K75: 13.264683 | L75: 51.609126 | N75: 187 | O75: 17 | P75: 15 | Q75: 15 | R75: 23.064402 | S75: 41.135903 | T75: 754 | U75: 9.9111765 | V75: 10.8305 | W75: 11.395217 | X75: 12.496538 | AF75: 2011.0071 | AG75: 2165.8603 | AH75: 2271.7368 | AI75: 2462.7093 | AQ75: 140.33333 | AR75: 153.90909 | AS75: 163.16667 | AT75: 171.81481 | BB75: 0.16084297 | BC75: 0.43973754 | BD75: 0.44536395 | BE75: 0.39161573 | BF75: 0.38870054 | BG75: 0.97125096 | BH75: 0.97453801 | BI75: 0.26908536 | BJ75: 0.26850492 | BK75: 0.73710551 | BL75: 0.0099421296 | BM75: 20 | BN75: 5.4 | BO75: 10.068134 | BP75: 10.926782 | BQ75: 11.412158 | BR75: 12.478665 | BZ75: 8 | CA75: 10 | CB75: 12 | CC75: 13 | CD75: 15 | CE75: 17 | CF75: 20
B76: P074 | C76: Male | D76: 42 | E76: 1.785 | F76: 77.9 | G76: 3 | H76: 15 | I76: No | J76: 0.03125 | K76: 13.149919 | L76: 48.355033 | N76: teams | O76: 18 | P76: 15 | Q76: 15 | R76: 21.819434 | S76: 45.419708 | T76: 756 | U76: 13.0956 | V76: 13.946207 | W76: 15.065 | X76: 16.578182 | AF76: 2637.7758 | AG76: 2790.4814 | AH76: 3006.4871 | AI76: 3279.3364 | AQ76: 135.73077 | AR76: 148.8 | AS76: 155.46875 | AT76: 165.28571 | BB76: 0.18500164 | BC76: 0.43795367 | BD76: 0.44739691 | BE76: 0.41748134 | BF76: 0.40511923 | BG76: 1.0026722 | BH76: 0.9976853 | BI76: 0.27961289 | BJ76: 0.28146853 | BK76: 0.78482124 | BL76: 0.012280093 | BM76: 19 | BN76: 5.5 | BO76: 13.116295 | BP76: 13.924133 | BQ76: 15.078609 | BR76: 16.557798 | BZ76: 11 | CA76: 12 | CB76: 13 | CC76: 15 | CD76: 17 | CE76: 18 | CF76: 20
B77: P075 | C77: Male | D77: 46 | E77: 1.762 | F77: 85.9 | G77: 6 | H77: 51.2 | I77: No | J77: 0.029166667 | K77: 13.092523 | L77: 46.532904 | N77: 175 | O77: 20 | P77: 15 | Q77: 16 | R77: 21.532805 | S77: 43.491146 | T77: 757 | U77: 13.435417 | V77: 14.4044 | W77: 15.408148 | X77: 17.021786 | AF77: 2723.4952 | AG77: 2906.691 | AH77: 3090.0681 | AI77: 3373.2892 | AQ77: 126.96154 | AR77: 135.55556 | AS77: 144.93103 | AT77: 153.48276 | BB77: 0.18324057 | BC77: 0.41615294 | BD77: 0.41867563 | BE77: 0.41932223 | BF77: 0.41465688 | BG77: 0.99032172 | BH77: 0.98763214 | BI77: 0.28507583 | BJ77: 0.28264944 | BK77: 0.77302307 | BO77: 13.583574 | BP77: 14.489249 | BQ77: 15.509067 | BR77: 17.024054 | BZ77: 7 | CA77: 8 | CB77: 10 | CC77: 12 | CD77: 14 | CE77: 17 | CF77: 20
B78: P076 | C78: Female | D78: 34 | E78: 1.596 | F78: 61 | G78: 2 | H78: 16 | I78: No | J78: 0.034722222 | K78: 11.762262 | L78: 41.428787 | N78: 191 | O78: 20 | P78: 13 | Q78: 14 | R78: 19.854787 | S78: 24.804739 | T78: 765 | V78: 11.462973 | AG78: 2259.7003 | AR78: 166.51282 | BB78: 0.16635161 | BC78: 0.40341922 | BD78: 0.39730649 | BE78: 0.35224849 | BF78: 0.35237783 | BG78: 0.8905697 | BH78: 0.88185476 | BI78: 0.24443401 | BJ78: 0.24888179 | BK78: 0.70978777 | BL78: 0.0076041667 | BM78: 20 | BN78: 8.4 | BP78: 11.431805 | BZ78: 10 | CA78: 11 | CB78: 13 | CC78: 15 | CD78: 20
B79: P077 | C79: Male | D79: 38 | E79: 1.758 | F79: 65.5 | G79: 6 | H79: 90 | I79: Mild patella tendinopathy right knee. No days without running, solved with eccentric loading exercises | J79: 0.023611111 | K79: 15.993107 | L79: 53.52033 | N79: 166 | O79: 19 | P79: 18 | Q79: 18 | R79: 20.563833 | S79: 30.516674 | T79: 762 | U79: 10.141515 | V79: 10.885789 | W79: 11.379091 | X79: 12.02875 | Y79: 13.221304 | Z79: 14.1234 | AF79: 2086.1944 | AG79: 2217.0822 | AH79: 2310.153 | AI79: 2428.8111 | AJ79: 2670.3887 | AK79: 2832.675 | AQ79: 106.91429 | AR79: 111 | AS79: 115.1087 | AT79: 124.18 | AU79: 132.4375 | AV79: 140.55769 | BB79: 0.18006831 | BC79: 0.43484774 | BD79: 0.43188087 | BE79: 0.40743647 | BF79: 0.41327097 | BG79: 0.99585461 | BH79: 0.99901257 | BI79: 0.29616083 | BJ79: 0.28960865 | BK79: 0.76056641 | BM79: 20 | BN79: 5.4 | BO79: 10.342381 | BP79: 11.046471 | BQ79: 11.501285 | BR79: 12.155182 | BS79: 13.337493 | BT79: 14.222503 | BZ79: 8 | CA79: 9 | CB79: 12 | CC79: 12 | CD79: 13 | CE79: 15 | CF79: 16 | CG79: 17 | CH79: 19 | CI79: 20
B80: P078 | C80: Female | D80: 25 | E80: 1.654 | F80: 65.6 | G80: 6 | H80: 95 | I80: No | J80: 0.026400463 | K80: 14.781165 | L80: 50.515848 | N80: 186 | O80: 19 | P80: 17 | Q80: 17 | R80: 20.963606 | S80: 29.097094 | T80: 761.08851 | U80: 10.530417 | V80: 10.960833 | W80: 11.949615 | X80: 12.902069 | Y80: 14.209677 | AF80: 2171.8519 | AG80: 2237.4519 | AH80: 2443.6448 | AI80: 2631.4341 | AJ80: 2871.3039 | AQ80: 132.44 | AR80: 140.56 | AS80: 149.35714 | AT80: 158.54839 | AU80: 168.4375 | BB80: 0.17526794 | BC80: 0.38703297 | BD80: 0.39532384 | BE80: 0.38340215 | BF80: 0.37828463 | BG80: 0.90445879 | BH80: 0.91018508 | BI80: 0.25893874 | BJ80: 0.25447326 | BK80: 0.74667806 | BL80: 0.0094444444 | BM80: 20 | BN80: 6.4 | BO80: 10.7316 | BP80: 11.135202 | BQ80: 12.202419 | BR80: 13.045306 | BS80: 14.314462 | BZ80: 7 | CA80: 8 | CB80: 9 | CC80: 10 | CD80: 13 | CE80: 15 | CF80: 18 | CG80: 19 | CH80: 20
B81: P079 | C81: Female | D81: 32 | E81: 1.65 | F81: 53.2 | G81: 6 | H81: 80 | I81: No | J81: 0.025462963 | K81: 14.917059 | L81: 53.259845 | N81: 175 | O81: 18 | P81: 17 | Q81: 17 | R81: 21.899506 | S81: 27.576087 | T81: 762 | U81: 8.918 | V81: 9.3394872 | W81: 9.8358333 | X81: 10.745682 | Y81: 11.26449 | AF81: 1836.5621 | AG81: 1909.8026 | AH81: 2000.5029 | AI81: 2172.7667 | AJ81: 2259.4905 | AQ81: 111.09677 | AR81: 118.5122 | AS81: 128.38 | AT81: 142.71739 | AU81: 149.47059 | BB81: 0.16222245 | BC81: 0.41035864 | BD81: 0.41223938 | BE81: 0.38811138 | BF81: 0.38116993 | BG81: 0.93791145 | BH81: 0.93596836 | BI81: 0.24443905 | BJ81: 0.23997211 | BK81: 0.7130601 | BL81: 0.014583333 | BO81: 9.1163794 | BP81: 9.4718443 | BQ81: 9.9501933 | BR81: 10.849981 | BS81: 11.352194 | BZ81: 10 | CA81: 11 | CB81: 12 | CC81: 12 | CD81: 13 | CE81: 14 | CF81: 15 | CG81: 18
B82: P080 | C82: Female | D82: 40 | E82: 1.67 | F82: 52 | G82: 5 | H82: 50 | I82: No | J82: 0.026157407 | K82: 13.743826 | L82: 56.997162 | N82: 176 | O82: 15 | P82: 16 | Q82: 16 | R82: 21.417542 | S82: 42.217318 | T82: 757 | U82: 9.6186842 | V82: 10.478158 | W82: 10.869231 | X82: 11.975526 | AF82: 1961.6603 | AG82: 2143.0277 | AH82: 2223.3603 | AI82: 2437.0106 | AQ82: 142.2 | AR82: 147.61538 | AS82: 154.6 | AT82: 161.85 | BB82: 0.1609385 | BC82: 0.42571246 | BD82: 0.42919639 | BE82: 0.39105699 | BF82: 0.38799319 | BG82: 0.9553255 | BH82: 0.95632719 | BI82: 0.27345636 | BJ82: 0.27140159 | BK82: 0.71417365 | BL82: 0.025532407 | BO82: 9.7645803 | BP82: 10.66175 | BQ82: 11.046364 | BR82: 12.146496 | BZ82: 11 | CA82: 12 | CB82: 13 | CC82: 13 | CD82: 14 | CE82: 14 | CF82: 15
B83: P081 | C83: Female | D83: 21 | E83: 1.659 | F83: 53.7 | G83: 5 | H83: 37.5 | I83: No | J83: 0.035069444 | K83: 13.195055 | L83: 45.254448 | N83: 188 | O83: 19 | P83: 15 | Q83: 15 | R83: 21.194351 | S83: 37.005344 | T83: 760.27252 | U83: 8.9663889 | V83: 9.7902857 | W83: 10.499706 | X83: 11.002703 | AF83: 1833.6382 | AG83: 1980.7655 | AH83: 2107.416 | AI83: 2197.153 | AQ83: 149.86486 | AR83: 160.62162 | AS83: 171.19444 | AT83: 178.35897 | BB83: 0.16492701 | BC83: 0.41582665 | BD83: 0.41503232 | BE83: 0.37164713 | BF83: 0.37613291 | BG83: 0.9328033 | BH83: 0.93272066 | BI83: 0.25383487 | BJ83: 0.25958716 | BK83: 0.72623802 | BL83: 0.0087037037 | BM83: 20 | BN83: 6.7 | BO83: 9.100538 | BP83: 9.8675156 | BQ83: 10.577478 | BR83: 11.058022 | BZ83: 11 | CA83: 12 | CB83: 14 | CC83: 16 | CD83: 17 | CE83: 19 | CF83: 20
B84: P082 | C84: Female | D84: 34 | E84: 1.538 | F84: 70.6 | G84: 4 | H84: 30 | I84: No | J84: 0.038634259 | K84: 11.301258 | L84: 44.25761 | N84: 182 | O84: 17 | P84: 12 | Q84: 12 | R84: 22.827153 | S84: 34.417518 | T84: 745.79708 | U84: 13.52931 | V84: 14.202973 | AF84: 2717.1589 | AG84: 2850.7201 | AQ84: 153.89655 | AR84: 167.44737 | BB84: 0.20239612 | BC84: 0.37485846 | BD84: 0.36424444 | BE84: 0.37038567 | BF84: 0.36389321 | BG84: 0.88037969 | BH84: 0.86336926 | BI84: 0.23694534 | BJ84: 0.23866955 | BK84: 0.66612552 | BO84: 13.617175 | BP84: 14.300588 | BZ84: 12 | CA84: 13 | CB84: 17
B85: P083 | C85: Female | D85: 28 | E85: 1.746 | F85: 60 | G85: 3 | H85: 25 | I85: No | J85: 0.039583333 | K85: 11.910744 | L85: 46.608982 | N85: 185 | O85: 16 | P85: 13 | Q85: 13 | R85: 22.649288 | S85: 37.072445 | T85: 756 | U85: 10.756087 | V85: 11.185517 | AF85: 2159.8432 | AG85: 2247.8143 | AQ85: 149.44 | AR85: 160 | BB85: 0.18983483 | BC85: 0.45154874 | BD85: 0.44259182 | BE85: 0.40541948 | BF85: 0.40518158 | BG85: 0.98852449 | BH85: 0.97970239 | BI85: 0.25820523 | BJ85: 0.25833003 | BK85: 0.76188656 | BL85: 0.013460648 | BM85: 18 | BN85: 6.2 | BO85: 10.81836 | BP85: 11.290864 | BZ85: 11 | CA85: 12 | CB85: 14 | CC85: 16 | CD85: 20
B86: P084 | C86: Female | D86: 47 | E86: 1.685 | F86: 50.4 | G86: 6 | H86: 100 | I86: No | J86: 0.026284722 | K86: 14.867454 | L86: 59.671294 | N86: 163 | O86: 19 | P86: 17 | Q86: 17 | R86: 23.160673 | S86: 37.289474 | T86: 754 | U86: 8.2026087 | V86: 8.7241667 | W86: 9.3882609 | X86: 10.0968 | Y86: 10.815185 | AF86: 1697.5539 | AG86: 1794.2264 | AH86: 1924.5824 | AI86: 2060.3128 | AJ86: 2198.0838 | AQ86: 102.29167 | AR86: 114.68 | AS86: 122.36 | AT86: 130.92593 | AU86: 140.92857 | BB86: 0.18226286 | BC86: 0.43783018 | BD86: 0.43756205 | BE86: 0.37616299 | BF86: 0.37353614 | BG86: 0.96456002 | BH86: 0.9659489 | BI86: 0.27015728 | BJ86: 0.27558984 | BK86: 0.71974554 | BL86: 0.016111111 | BM86: 20 | BN86: 5.3 | BO86: 8.3836886 | BP86: 8.9107584 | BQ86: 9.5425017 | BR86: 10.247773 | BS86: 10.915689 | BZ86: 7 | CA86: 11 | CB86: 13 | CC86: 14 | CD86: 15 | CE86: 16 | CF86: 17 | CG86: 19 | CH86: 20
B87: P085 | C87: Female | D87: 48 | E87: 1.608 | F87: 49.4 | G87: 4 | H87: 65 | I87: No | J87: 0.029861111 | K87: 13.304941 | L87: 56.919856 | N87: 173 | O87: 18 | P87: 15 | Q87: 15 | R87: 22.664339 | S87: 37.895646 | T87: 754 | U87: 11.343333 | V87: 11.696061 | W87: 12.547576 | X87: 13.211429 | AF87: 2309.4935 | AG87: 2384.1163 | AH87: 2541.6367 | AI87: 2667.1172 | AQ87: 126.64706 | AR87: 134.88571 | AS87: 145.62857 | AT87: 152.77778 | BB87: 0.16200966 | BC87: 0.40036035 | BD87: 0.40261783 | BE87: 0.35285992 | BF87: 0.3563417 | BG87: 0.90090086 | BH87: 0.90682178 | BI87: 0.24785229 | BJ87: 0.245697 | BK87: 0.70413868 | BL87: 0.0045138889 | BM87: 19 | BN87: 7.9 | BO87: 11.599352 | BP87: 11.850573 | BQ87: 12.691081 | BR87: 13.382126 | BZ87: 8 | CA87: 10 | CB87: 12 | CC87: 13 | CD87: 15 | CE87: 18 | CF87: 20
B88: P086 | C88: Female | D88: 23 | E88: 1.658 | F88: 64.6 | G88: 7 | H88: 40 | I88: Shi slpins | J88: 0.029861111 | K88: 13.82006 | L88: 54.48294 | N88: 189 | O88: 17 | P88: 16 | Q88: 16 | R88: 21.06543 | S88: 36.592053 | T88: 738.05166 | U88: 10.256774 | V88: 11.414667 | W88: 12.469444 | X88: 13.718571 | AF88: 2137.7864 | AG88: 2371.0262 | AH88: 2567.4316 | AI88: 2810.4016 | AQ88: 132.375 | AR88: 141.125 | AS88: 155.16667 | AT88: 164.64865 | BB88: 0.15734124 | BC88: 0.42291521 | BD88: 0.42055884 | BE88: 0.38672205 | BF88: 0.38485592 | BG88: 0.94641282 | BH88: 0.94475717 | BI88: 0.25927942 | BJ88: 0.25399697 | BK88: 0.712415 | BL88: 0.015208333 | BM88: 20 | BN88: 10.3 | BO88: 10.461783 | BP88: 11.775904 | BQ88: 12.692995 | BR88: 13.905219 | BZ88: 11 | CA88: 11 | CB88: 12 | CC88: 13 | CD88: 15 | CE88: 15 | CF88: 17 | CG88: 20
B89: P087 | C89: Female | D89: 22 | E89: 1.655 | F89: 53.2 | G89: 3 | H89: 10 | J89: 0.038194444 | K89: 11.182305 | L89: 38.495791 | N89: 197 | O89: 17 | P89: 12 | Q89: 12 | R89: 23.325156 | S89: 35.439299 | T89: 739 | U89: 9.1208571 | V89: 9.6966667 | AF89: 1838.7161 | AG89: 1955.0117 | AQ89: 170.27778 | AR89: 181.60976 | BB89: 0.16094969 | BC89: 0.41210367 | BD89: 0.40537464 | BE89: 0.38447761 | BF89: 0.38630357 | BG89: 0.92448917 | BH89: 0.92795321 | BI89: 0.26084674 | BJ89: 0.25566963 | BK89: 0.72877881 | BO89: 9.1682375 | BP89: 9.7671592 | BZ89: 11 | CA89: 14 | CB89: 17 | CC89: 20
B90: P088 | C90: Female | D90: 28 | E90: 1.533 | F90: 53.6 | G90: 2 | H90: 24 | I90: No | J90: 0.034178241 | K90: 11.788913 | L90: 40.88803 | N90: 180 | O90: 18 | P90: 13 | Q90: 13 | R90: 22.833086 | S90: 33.405204 | T90: 726.35595 | U90: 8.1039474 | V90: 8.5882222 | AF90: 1631.6442 | AG90: 1717.0529 | AQ90: 135.90244 | AR90: 153.46809 | BB90: 0.16958947 | BC90: 0.36842484 | BD90: 0.36631646 | BE90: 0.34960339 | BF90: 0.34648396 | BG90: 0.86469174 | BH90: 0.85786799 | BI90: 0.24676968 | BJ90: 0.24543621 | BK90: 0.67172013 | BL90: 0.007962963 | BM90: 20 | BN90: 5.8 | BO90: 8.299073 | BP90: 8.6432508 | BZ90: 9 | CA90: 11 | CB90: 14 | CC90: 18
B91: P089 | C91: Female | D91: 26 | E91: 1.616 | F91: 52.8 | G91: 3 | H91: 36 | I91: No | J91: 0.027662037 | K91: 15.091762 | L91: 55.282947 | N91: 182 | O91: 20 | P91: 17 | Q91: 17 | R91: 22.214269 | S91: 26.221837 | T91: 735.44714 | U91: 9.0824138 | V91: 8.98 | W91: 9.7048485 | X91: 10.329459 | Y91: 12.046923 | Z91: 13.723333 | AF91: 1863.661 | AG91: 1826.1063 | AH91: 1970.2359 | AI91: 2093.1541 | AJ91: 2430.573 | AK91: 2716.5553 | AQ91: 133.96774 | AR91: 136.47222 | AS91: 141.72222 | AT91: 151.1 | AU91: 159.4878 | AV91: 165.86364 | BB91: 0.14714752 | BC91: 0.43097676 | BD91: 0.42995984 | BE91: 0.38390934 | BF91: 0.38073412 | BG91: 0.96646211 | BH91: 0.96219827 | BI91: 0.25125638 | BJ91: 0.25223651 | BK91: 0.65166981 | BL91: 0.0091435185 | BM91: 20 | BN91: 6.4 | BO91: 9.3274558 | BP91: 9.1031212 | BQ91: 9.7599901 | BR91: 10.476325 | BS91: 12.183894 | BT91: 13.771869 | BZ91: 11 | CA91: 11 | CB91: 12 | CC91: 13 | CD91: 13 | CE91: 14 | CF91: 17 | CG91: 20
B92: P090 | C92: Female | D92: 47 | E92: 1.694 | F92: 57.6 | G92: 4 | H92: 42.5 | I92: No | J92: 0.036388889 | K92: 12.618517 | L92: 47.670397 | N92: 177 | O92: 19 | P92: 14 | Q92: 14 | R92: 22.759237 | S92: 26.805221 | T92: 738.9508 | U92: 11.0172 | V92: 11.528214 | W92: 12.251622 | AF92: 2242.8358 | AG92: 2337.2842 | AH92: 2462.5364 | AQ92: 137.88 | AR92: 146.62069 | AS92: 157.31579 | BB92: 0.19060875 | BC92: 0.40514508 | BD92: 0.39838953 | BE92: 0.38246815 | BF92: 0.38393377 | BG92: 0.93270933 | BH92: 0.92699749 | BI92: 0.25596035 | BJ92: 0.26109588 | BK92: 0.76414659 | BL92: 0.0068634259 | BM92: 20 | BN92: 6.2 | BO92: 11.187777 | BP92: 11.638981 | BQ92: 12.318399 | BZ92: 11 | CA92: 13 | CB92: 16 | CC92: 18 | CD92: 19 | CE92: 20
B93: P091 | C93: Female | D93: 40 | E93: 1.721 | F93: 63 | G93: 6 | H93: 93 | I93: No | J93: 0.033333333 | K93: 12.582799 | L93: 50.595306 | N93: 189 | O93: 17 | P93: 14 | Q93: 14 | R93: 21.34927 | S93: 30.70438 | T93: 744 | U93: 10.468571 | V93: 11.585429 | W93: 12.120571 | AF93: 2138.3175 | AG93: 2359.9031 | AH93: 2461.2658 | AQ93: 158.16667 | AR93: 164.02857 | AS93: 171.47222 | BB93: 0.18447902 | BC93: 0.43213953 | BD93: 0.42781175 | BE93: 0.41457854 | BF93: 0.42007234 | BG93: 0.99328895 | BH93: 0.99295565 | BI93: 0.28003892 | BJ93: 0.27745193 | BK93: 0.7278777 | BO93: 10.668278 | BP93: 11.800964 | BQ93: 12.2556 | BZ93: 11 | CA93: 12 | CB93: 13 | CC93: 15 | CD93: 17 | CE93: 20
B94: P092 | C94: Female | D94: 42 | E94: 1.605 | F94: 51.2 | G94: 5 | H94: 72.5 | J94: 0.026180556 | K94: 14.445612 | L94: 48.64738 | N94: 191 | O94: 20 | P94: 17 | Q94: 17 | R94: 21.381463 | S94: 29.424968 | T94: 748.81715 | U94: 7.8892593 | V94: 8.4758621 | W94: 9.2596296 | X94: 9.8621212 | Y94: 10.785882 | AF94: 1608.199 | AG94: 1722.3215 | AH94: 1900.9138 | AI94: 2006.7965 | AJ94: 2172.0825 | AQ94: 123.51852 | AR94: 133.64516 | AS94: 145.96429 | AT94: 154.67647 | AU94: 165.5 | BB94: 0.160651 | BC94: 0.41509689 | BD94: 0.41426393 | BE94: 0.3839234 | BF94: 0.38833547 | BG94: 0.95138039 | BH94: 0.95116941 | BI94: 0.25693434 | BJ94: 0.25800005 | BK94: 0.6537251 | BL94: 0.0097916667 | BM94: 20 | BN94: 6.8 | BO94: 7.982112 | BP94: 8.6041597 | BQ94: 9.4190433 | BR94: 9.9627937 | BS94: 10.846506 | BZ94: 7 | CA94: 9 | CB94: 11 | CC94: 11 | CD94: 12 | CE94: 13 | CF94: 17 | CG94: 20
B95: P093 | C95: Female | D95: 38 | E95: 1.687 | F95: 65 | G95: 3 | H95: 40 | I95: No | J95: 0.034108796 | K95: 11.872029 | L95: 48.392673 | N95: 184 | O95: 17 | P95: 13 | Q95: 13 | R95: 22.695927 | S95: 25.88764 | T95: 748.94803 | U95: 12.908421 | V95: 13.493333 | AF95: 2663.9266 | AG95: 2754.4891 | AQ95: 150.95238 | AR95: 163.5 | BB95: 0.15878791 | BC95: 0.45350423 | BD95: 0.45897881 | BE95: 0.40435604 | BF95: 0.3961986 | BG95: 0.99453412 | BH95: 0.99556373 | BI95: 0.24017143 | BJ95: 0.23828329 | BK95: 0.69195108 | BL95: 0.0092476852 | BM95: 20 | BN95: 5.8 | BO95: 13.145945 | BP95: 13.711436 | BZ95: 8 | CA95: 11 | CB95: 14 | CC95: 17
B96: P094 | C96: Female | D96: 47 | E96: 1.627 | F96: 50.2 | G96: 5 | H96: 60 | I96: No, ITB years ago | J96: 0.029166667 | K96: 13.262975 | L96: 49.245021 | N96: 162 | O96: 19 | P96: 15 | Q96: 15 | R96: 23.02628 | S96: 29.326807 | T96: 756 | U96: 9.5990909 | V96: 10.103667 | W96: 10.94 | X96: 11.643235 | AF96: 1933.0775 | AG96: 2051.8435 | AH96: 2199.0874 | AI96: 2315.0978 | AQ96: 131.94286 | AR96: 138.375 | AS96: 145.14286 | AT96: 150.80556 | BB96: 0.16972476 | BC96: 0.40910784 | BD96: 0.40989146 | BE96: 0.36383568 | BF96: 0.36468894 | BG96: 0.9158572 | BH96: 0.91718798 | BI96: 0.25233558 | BJ96: 0.24767938 | BK96: 0.71047741 | BL96: 0.0083796296 | BM96: 19 | BN96: 10.7 | BO96: 9.6455942 | BP96: 10.250782 | BQ96: 10.992806 | BR96: 11.652252 | BZ96: 11 | CA96: 11 | CB96: 12 | CC96: 13 | CD96: 15 | CE96: 19
B97: P095 | C97: Female | D97: 20 | E97: 1.564 | F97: 52.4 | G97: 4 | H97: 32 | I97: No | J97: 0.029861111 | K97: 13.105784 | L97: 49.595405 | N97: 202 | O97: 19 | P97: 15 | Q97: 15 | R97: 21.4828 | S97: 35.507074 | T97: 755.57632 | U97: 9.1925 | V97: 9.6822222 | W97: 10.678235 | X97: 11.539189 | AF97: 1919.0603 | AG97: 1991.0891 | AH97: 2176.3175 | AI97: 2354.2232 | AQ97: 149.875 | AR97: 164.39474 | AS97: 176.51351 | AT97: 186.35897 | BB97: 0.16092749 | BC97: 0.38042593 | BD97: 0.38003788 | BE97: 0.3416421 | BF97: 0.34781876 | BG97: 0.85761706 | BH97: 0.85837294 | BI97: 0.2437278 | BJ97: 0.24887093 | BK97: 0.706005 | BO97: 9.4871502 | BP97: 9.8529661 | BQ97: 10.769357 | BR97: 11.725828 | BZ97: 7 | CA97: 9 | CB97: 12 | CC97: 14 | CD97: 17 | CE97: 19
B98: P096 | C98: Female | D98: 43 | E98: 1.641 | F98: 59.8 | G98: 2 | H98: 25 | I98: No | J98: 0.034027778 | K98: 11.22292 | L98: 44.885761 | N98: 194 | O98: 15 | P98: 12 | Q98: 12 | R98: 23.019289 | S98: 32.366621 | T98: 754 | U98: 11.76125 | V98: 12.684118 | AF98: 2406.4442 | AG98: 2568.6144 | AQ98: 161.82353 | AR98: 173 | BG98: 0 | BH98: 0 | BI98: 0 | BJ98: 0 | BK98: 0 | BO98: 11.954325 | BP98: 12.794746 | BZ98: 11 | CA98: 13 | CB98: 15
B99: P097 | C99: Female | D99: 40 | E99: 1.708 | F99: 65.2 | G99: 3 | H99: 30 | J99: 0.038194444 | K99: 11.861072 | L99: 39.693521 | N99: 159 | O99: 15 | P99: 13 | Q99: 13 | R99: 21.798053 | S99: 37.764951 | T99: 750 | U99: 9.5868182 | V99: 10.444444 | AF99: 1945.7208 | AG99: 2110.6844 | AQ99: 117.34783 | AR99: 131.21429 | BB99: 0.18241479 | BC99: 0.406955 | BD99: 0.40466171 | BE99: 0.39469064 | BF99: 0.39038516 | BG99: 0.95238099 | BH99: 0.94917246 | BI99: 0.26309935 | BJ99: 0.25828225 | BK99: 0.75722327 | BL99: 0.013576389 | BM99: 19 | BN99: 6.4 | BO99: 9.6984888 | BP99: 10.552389 | BZ99: 10 | CA99: 11 | CB99: 13 | CC99: 15 | CD99: 20
B100: P098 | C100: Female | D100: 35 | E100: 1.603 | F100: 57.5 | G100: 3 | H100: 30 | I100: No | J100: 0.036111111 | K100: 12.692783 | L100: 46.007159 | N100: 185 | O100: 19 | P100: 14 | Q100: 14 | R100: 22.235874 | S100: 32.838565 | T100: 748.11547 | V100: 11.503077 | W100: 11.900645 | AG100: 2332.4589 | AH100: 2387.2483 | AR100: 158.21429 | AS100: 166.375 | BB100: 0.1540294 | BC100: 0.39703921 | BD100: 0.39861898 | BE100: 0.37259479 | BF100: 0.37676996 | BG100: 0.91530228 | BH100: 0.91564402 | BI100: 0.25028007 | BJ100: 0.24484395 | BK100: 0.68752685 | BL100: 0.006724537 | BM100: 20 | BN100: 8.2 | BP100: 11.644661 | BQ100: 11.952535 | BZ100: 8 | CA100: 10 | CB100: 13 | CC100: 15 | CD100: 19
B101: P099 | C101: Female | D101: 44 | E101: 1.746 | F101: 72.5 | G101: 4 | H101: 35 | I101: No | J101: 0.033680556 | K101: 12.55305 | L101: 38.53585 | N101: 178 | O101: 19 | P101: 14 | Q101: 14 | R101: 23.320845 | S101: 28.686385 | T101: 751 | U101: 11.631034 | V101: 12.098857 | W101: 13.043125 | AF101: 2341.125 | AG101: 2400.8182 | AH101: 2573.489 | AQ101: 143.34375 | AR101: 151.5 | AS101: 159.85294 | BB101: 0.18377407 | BC101: 0.43312771 | BD101: 0.4411409 | BE101: 0.41439293 | BF101: 0.42029208 | BG101: 0.99687897 | BH101: 1.0076654 | BI101: 0.26576486 | BJ101: 0.26347089 | BK101: 0.74372783 | BL101: 0.008900463 | BM101: 19 | BN101: 6.1 | BO101: 11.706412 | BP101: 12.131594 | BQ101: 13.043906 | BZ101: 10 | CA101: 11 | CB101: 14 | CC101: 16 | CD101: 19
...

Sheet Results
B2: Participants | D2: Age | F2: Height | H2: Mass | J2: RunningDaysAWeek | L2: KmAWeek | N2: Time10K | P2: LT | R2: VO2max | T2: Temperature | V2: Humidity | X2: Pressure | Z2: Completed speeds | AP2: Submax speeds | BA2: Temperature | BC2: Humidty
C3: n | D3: mean | E3: sd | F3: mean | G3: sd | H3: mean | I3: sd | J3: mean | K3: sd | L3: mean | M3: sd | N3: mean | O3: sd | P3: mean | Q3: sd | R3: mean | S3: sd | T3: mean | U3: sd | V3: mean | W3: sd | X3: mean | Y3: sd | Z3: 10 | AA3: 11 | AB3: 12 | AC3: 13 | AD3: 14 | AE3: 15 | AF3: 16 | AG3: 17 | AH3: 18 | AI3: 19 | AJ3: 20 | AK3: 21 | AL3: 22 | AM3: 23 | AN3: 24 | AO3: 25 | AP3: 10 | AQ3: 11 | AR3: 12 | AS3: 13 | AT3: 14 | AU3: 15 | AV3: 16 | AW3: 17 | AX3: 18 | AY3: 19 | AZ3: 20 | BA3: mean | BB3: sd | BC3: mean | BD3: sd
B4: Female | C4: =COUNTIF(Sheet1!C:C, "Female") -> 50 | D4: =AVERAGEIF(Sheet1!C:C,"Female",Sheet1!D:D) -> 33.96 | E4: {=STDEV(IF(Sheet1!$C:$C="Female",Sheet1!$D:$D,""))} -> 9.7435693 | F4: =AVERAGEIF(Sheet1!C:C,"Female",Sheet1!E:E) -> 1.6582 | G4: {=STDEV(IF(Sheet1!$C:$C="Female",Sheet1!$E:$E,""))} -> 0.060487813 | H4: =AVERAGEIF(Sheet1!C:C,"Female",Sheet1!F:F) -> 58.438 | I4: {=STDEV(IF(Sheet1!$C:$C="Female",Sheet1!$F:$F,""))} -> 6.1720532 | J4: =AVERAGEIF(Sheet1!C:C,"Female",Sheet1!G:G) -> 4.5 | K4: {=STDEV(IF(Sheet1!$C:$C="Female",Sheet1!$G:$G,""))} -> 1.4033488 | L4: =AVERAGEIF(Sheet1!C:C,"Female",Sheet1!H:H) -> 48.592 | M4: {=STDEV(IF(Sheet1!$C:$C="Female",Sheet1!$H:$H,""))} -> 25.557952 | N4: =AVERAGEIF(Sheet1!C:C,"Female",Sheet1!J:J) -> 0.031660648 | O4: {=STDEV(IF(Sheet1!$C:$C="Female",Sheet1!$J:$J,""))} -> 0.0043475372 | P4: =AVERAGEIF(Sheet1!C:C,"Female",Sheet1!K:K) -> 13.103589 | Q4: {=STDEV(IF(Sheet1!$C:$C="Female",Sheet1!$K:$K,""))} -> 1.1488888 | R4: =AVERAGEIF(Sheet1!C:C,"Female",Sheet1!L:L) -> 48.563634 | S4: {=STDEV(IF(Sheet1!$C:$C="Female",Sheet1!$L:$L,""))} -> 6.0927179 | Z4: =COUNTIFS(Sheet1!C3:C114, "=Male", Sheet1!P3:P114, ">=10") -> 50 | AA4: =COUNTIFS(Sheet1!C3:C114, "=Male", Sheet1!P3:P114, ">=11") -> 50 | AB4: =COUNTIFS(Sheet1!C3:C114, "=Male", Sheet1!P3:P114, ">=12") -> 50 | AC4: =COUNTIFS(Sheet1!C3:C114, "=Male", Sheet1!P3:P114, ">=13") -> 50 | AD4: =COUNTIFS(Sheet1!C3:C114, "=Male", Sheet1!P3:P114, ">=14") -> 50 | AE4: =COUNTIFS(Sheet1!C3:C114, "=Male", Sheet1!P3:P114, ">=15") -> 48 | AF4: =COUNTIFS(Sheet1!C3:C114, "=Male", Sheet1!P3:P114, ">=16") -> 41 | AG4: =COUNTIFS(Sheet1!C3:C114, "=Male", Sheet1!P3:P114, ">=17") -> 30 | AH4: =COUNTIFS(Sheet1!C3:C114, "=Male", Sheet1!P3:P114, ">=18") -> 11 | AI4: =COUNTIFS(Sheet1!C3:C114, "=Male", Sheet1!P3:P114, ">=19") -> 2 | AJ4: =COUNTIFS(Sheet1!C3:C114, "=Male", Sheet1!P3:P114, ">=20") -> 1 | AK4: =COUNTIFS(Sheet1!C3:C114, "=Male", Sheet1!P3:P114, ">=21") -> 0 | AL4: =COUNTIFS(Sheet1!C3:C114, "=Male", Sheet1!P3:P114, ">=22") -> 0 | AM4: =COUNTIFS(Sheet1!C3:C114, "=Male", Sheet1!P3:P114, ">=23") -> 0 | AN4: =COUNTIFS(Sheet1!C3:C114, "=Male", Sheet1!P3:P114, ">=24") -> 0 | AO4: =COUNTIFS(Sheet1!C3:C114, "=Male", Sheet1!P3:P114, ">=25") -> 0 | AP4: =COUNTIFS(Sheet1!$C$3:$C$114, "=Male", Sheet1!U3:U114, "<>") -> 50 | AQ4: =COUNTIFS(Sheet1!$C$3:$C$114, "=Male", Sheet1!V3:V114, "<>") -> 50 | AR4: =COUNTIFS(Sheet1!$C$3:$C$114, "=Male", Sheet1!W3:W114, "<>") -> 49 | AS4: =COUNTIFS(Sheet1!$C$3:$C$114, "=Male", Sheet1!X3:X114, "<>") -> 45 | AT4: =COUNTIFS(Sheet1!$C$3:$C$114, "=Male", Sheet1!Y3:Y114, "<>") -> 36 | AU4: =COUNTIFS(Sheet1!$C$3:$C$114, "=Male", Sheet1!Z3:Z114, "<>") -> 13 | AV4: =COUNTIFS(Sheet1!$C$3:$C$114, "=Male", Sheet1!AA3:AA114, "<>") -> 2 | AW4: =COUNTIFS(Sheet1!$C$3:$C$114, "=Male", Sheet1!AB3:AB114, "<>") -> 1 | ... AZ4: =COUNTIFS(Sheet1!$C$3:$C$114, "=Male", Sheet1!AE3:AE114, "<>") -> 0
B5: Male | C5: =COUNTIF(Sheet1!C:C, "Male") -> 50 | D5: =AVERAGEIF(Sheet1!C:C,"Male",Sheet1!D:D) -> 34.88 | E5: {=STDEV(IF(Sheet1!$C:$C="Male",Sheet1!$D:$D,""))} -> 9.7512741 | F5: =AVERAGEIF(Sheet1!C:C,"Male",Sheet1!E:E) -> 1.7908 | G5: {=STDEV(IF(Sheet1!$C:$C="Male",Sheet1!$E:$E,""))} -> 0.056513318 | H5: =AVERAGEIF(Sheet1!C:C,"Male",Sheet1!F:F) -> 73.01 | I5: =STDEV(IF(Sheet1!$C:$C="Male",Sheet1!$F:$F,"")) -> 9.8410819 | J5: =AVERAGEIF(Sheet1!C:C,"Male",Sheet1!G:G) -> 4.08 | K5: {=STDEV(IF(Sheet1!$C:$C="Male",Sheet1!$G:$G,""))} -> 1.4685825 | L5: =AVERAGEIF(Sheet1!C:C,"Male",Sheet1!H:H) -> 42.484 | M5: {=STDEV(IF(Sheet1!$C:$C="Male",Sheet1!$H:$H,""))} -> 24.699801 | N5: =AVERAGEIF(Sheet1!C:C,"Male",Sheet1!J:J) -> 0.02772963 | O5: {=STDEV(IF(Sheet1!$C:$C="Male",Sheet1!$J:$J,""))} -> 0.0027598365 | P5: =AVERAGEIF(Sheet1!C:C,"Male",Sheet1!K:K) -> 14.39814 | Q5: {=STDEV(IF(Sheet1!$C:$C="Male",Sheet1!$K:$K,""))} -> 0.96241901 | R5: =AVERAGEIF(Sheet1!C:C,"Male",Sheet1!L:L) -> 52.326808 | S5: {=STDEV(IF(Sheet1!$C:$C="Male",Sheet1!$L:$L,""))} -> 7.005961 | Z5: =COUNTIFS(Sheet1!C3:C114, "=Female", Sheet1!P3:P114, ">=10") -> 50 | AA5: =COUNTIFS(Sheet1!C3:C114, "=Female", Sheet1!P3:P114, ">=11") -> 50 | AB5: =COUNTIFS(Sheet1!C3:C114, "=Female", Sheet1!P3:P114, ">=12") -> 50 | AC5: =COUNTIFS(Sheet1!C3:C114, "=Female", Sheet1!P3:P114, ">=13") -> 47 | AD5: =COUNTIFS(Sheet1!C3:C114, "=Female", Sheet1!P3:P114, ">=14") -> 37 | AE5: =COUNTIFS(Sheet1!C3:C114, "=Female", Sheet1!P3:P114, ">=15") -> 27 | AF5: =COUNTIFS(Sheet1!C3:C114, "=Female", Sheet1!P3:P114, ">=16") -> 17 | AG5: =COUNTIFS(Sheet1!C3:C114, "=Female", Sheet1!P3:P114, ">=17") -> 9 | AH5: =COUNTIFS(Sheet1!C3:C114, "=Female", Sheet1!P3:P114, ">=18") -> 1 | AI5: =COUNTIFS(Sheet1!C3:C114, "=Female", Sheet1!P3:P114, ">=19") -> 0 | AJ5: =COUNTIFS(Sheet1!C3:C114, "=Female", Sheet1!P3:P114, ">=20") -> 0 | AK5: =COUNTIFS(Sheet1!C3:C114, "=Female", Sheet1!P3:P114, ">=21") -> 0 | AL5: =COUNTIFS(Sheet1!C3:C114, "=Female", Sheet1!P3:P114, ">=22") -> 0 | AM5: =COUNTIFS(Sheet1!C3:C114, "=Female", Sheet1!P3:P114, ">=23") -> 0 | AN5: =COUNTIFS(Sheet1!C3:C114, "=Female", Sheet1!P3:P114, ">=24") -> 0 | AO5: =COUNTIFS(Sheet1!C3:C114, "=Female", Sheet1!P3:P114, ">=25") -> 0 | AP5: =COUNTIFS(Sheet1!$C$3:$C$114, "=Female", Sheet1!U3:U114, "<>") -> 47 | AQ5: =COUNTIFS(Sheet1!$C$3:$C$114, "=Female", Sheet1!V3:V114, "<>") -> 50 | AR5: =COUNTIFS(Sheet1!$C$3:$C$114, "=Female", Sheet1!W3:W114, "<>") -> 36 | AS5: =COUNTIFS(Sheet1!$C$3:$C$114, "=Female", Sheet1!X3:X114, "<>") -> 27 | AT5: =COUNTIFS(Sheet1!$C$3:$C$114, "=Female", Sheet1!Y3:Y114, "<>") -> 12 | AU5: =COUNTIFS(Sheet1!$C$3:$C$114, "=Female", Sheet1!Z3:Z114, "<>") -> 2 | AV5: =COUNTIFS(Sheet1!$C$3:$C$114, "=Female", Sheet1!AA3:AA114, "<>") -> 0 | AW5: =COUNTIFS(Sheet1!$C$3:$C$114, "=Female", Sheet1!AB3:AB114, "<>") -> 0 | ... AZ5: =COUNTIFS(Sheet1!$C$3:$C$114, "=Female", Sheet1!AE3:AE114, "<>") -> 0
B6: All | C6: =C4+C5 -> 100 | D6: =AVERAGE(Sheet1!D:D) -> 34.42 | E6: =STDEV(Sheet1!D:D) -> 9.7090815 | F6: =AVERAGE(Sheet1!E:E) -> 1.7245 | G6: =STDEV(Sheet1!E:E) -> 0.088497161 | H6: =AVERAGE(Sheet1!F:F) -> 65.724 | I6: =STDEV(Sheet1!F:F) -> 9.8410819 | J6: =AVERAGE(Sheet1!G:G) -> 4.29 | K6: =STDEV(Sheet1!G:G) -> 1.4445649 | L6: =AVERAGE(Sheet1!H:H) -> 45.538 | M6: =STDEV(Sheet1!H:H) -> 25.192964 | N6: =AVERAGE(Sheet1!J:J) -> 0.029695139 | O6: =STDEV(Sheet1!J:J) -> 0.004126404 | P6: =AVERAGE(Sheet1!K:K) -> 13.750865 | Q6: =STDEV(Sheet1!K:K) -> 1.2389313 | R6: =AVERAGE(Sheet1!L:L) -> 50.445221 | S6: =STDEV(Sheet1!L:L) -> 6.8002283 | T6: =AVERAGE(Sheet1!R:R) -> 22.042205 | U6: =STDEV(Sheet1!R:R) -> 1.2042161 | V6: =AVERAGE(Sheet1!S:S) -> 37.977204 | W6: =STDEV(Sheet1!S:S) -> 7.8555998 | X6: =AVERAGE(Sheet1!T:T) -> 745.3956 | Y6: =STDEV(Sheet1!T:T) -> 10.787945 | Z6: =COUNTIF(Sheet1!P3:P114, ">=10") -> 100 | AA6: =COUNTIF(Sheet1!P3:P114, ">=11") -> 100 | AB6: =COUNTIF(Sheet1!P3:P114, ">=12") -> 100 | AC6: =COUNTIF(Sheet1!P3:P114, ">=13") -> 97 | AD6: =COUNTIF(Sheet1!P3:P114, ">=14") -> 87 | AE6: =COUNTIF(Sheet1!P3:P114, ">=15") -> 75 | AF6: =COUNTIF(Sheet1!P3:P114, ">=16") -> 58 | AG6: =COUNTIF(Sheet1!P3:P114, ">=17") -> 39 | AH6: =COUNTIF(Sheet1!P3:P114, ">=18") -> 12 | AI6: =COUNTIF(Sheet1!P3:P114, ">=19") -> 2 | AJ6: =COUNTIF(Sheet1!P3:P114, ">=20") -> 1 | AK6: =COUNTIF(Sheet1!P3:P114, ">=21") -> 0 | AL6: =COUNTIF(Sheet1!P3:P114, ">=22") -> 0 | AM6: =COUNTIF(Sheet1!P3:P114, ">=23") -> 0 | AN6: =COUNTIF(Sheet1!P3:P114, ">=24") -> 0 | AO6: =COUNTIF(Sheet1!P3:P114, ">=25") -> 0 | AP6: =COUNTIF(Sheet1!U3:U114, "<>") -> 97 | AQ6: =COUNTIF(Sheet1!V3:V114, "<>") -> 100 | AR6: =COUNTIF(Sheet1!W3:W114, "<>") -> 85 | AS6: =COUNTIF(Sheet1!X3:X114, "<>") -> 72 | AT6: =COUNTIF(Sheet1!Y3:Y114, "<>") -> 48 | AU6: =COUNTIF(Sheet1!Z3:Z114, "<>") -> 15 | AV6: =COUNTIF(Sheet1!AA3:AA114, "<>") -> 2 | AW6: =COUNTIF(Sheet1!AB3:AB114, "<>") -> 1 | ... AZ6: =COUNTIF(Sheet1!AE3:AE114, "<>") -> 0 | BA6: =AVERAGE(Sheet1!R:R) -> 22.042205 | BB6: =_xlfn.STDEV.P(Sheet1!R:R) -> 1.1981798 | BC6: =AVERAGE(Sheet1!S:S) -> 37.977204 | BD6: =_xlfn.STDEV.P(Sheet1!S:S) -> 7.8162231
